{"type":"FeatureCollection","features":[{"type":"Feature","geometry":{"type":"Point","coordinates":[1.37759,50.06314]},"properties":{"libelle":"Le Tréport-Mers"}},{"type":"Feature","geometry":{"type":"Point","coordinates":[2.38502,48.84006]},"properties":{"libelle":"Paris-Bercy"}},{"type":"Feature","geometry":{"type":"Point","coordinates":[2.38455,49.6263]},"properties":{"libelle":"Breteuil-Embranchement"}},{"type":"Feature","geometry":{"type":"Point","coordinates":[4.35312,49.09124]},"properties":{"libelle":"Bouy"}},{"type":"Feature","geometry":{"type":"Point","coordinates":[3.66085,50.40489]},"properties":{"libelle":"Blanc-Misseron"}},{"type":"Feature","geometry":{"type":"Point","coordinates":[3.66628,49.64706]},"properties":{"libelle":"Verneuil-sur-Serre"}},{"type":"Feature","geometry":{"type":"Point","coordinates":[2.47182,48.83408]},"properties":{"libelle":"Nogent-sur-Marne"}},{"type":"Feature","geometry":{"type":"Point","coordinates":[2.5821,49.85317]},"properties":{"libelle":"Marcelcave"}},{"type":"Feature","geometry":{"type":"Point","coordinates":[2.71124,49.82276]},"properties":{"libelle":"Rosières"}},{"type":"Feature","geometry":{"type":"Point","coordinates":[2.75644,49.59398]},"properties":{"libelle":"Roye-sur-Matz"}},{"type":"Feature","geometry":{"type":"Point","coordinates":[3.15829,50.26848]},"properties":{"libelle":"Aubigny-au-Bac"}},{"type":"Feature","geometry":{"type":"Point","coordinates":[2.41786,48.7239]},"properties":{"libelle":"Ablon"}},{"type":"Feature","geometry":{"type":"Point","coordinates":[2.6398,48.87535]},"properties":{"libelle":"Vaires-Torcy"}},{"type":"Feature","geometry":{"type":"Point","coordinates":[2.06069,50.17193]},"properties":{"libelle":"Conteville"}},{"type":"Feature","geometry":{"type":"Point","coordinates":[2.39729,49.88542]},"properties":{"libelle":"Lamotte-Brebière"}},{"type":"Feature","geometry":{"type":"Point","coordinates":[2.62645,49.49258]},"properties":{"libelle":"Moyenneville"}},{"type":"Feature","geometry":{"type":"Point","coordinates":[3.74217,50.15802]},"properties":{"libelle":"Hachette"}},{"type":"Feature","geometry":{"type":"Point","coordinates":[1.82553,50.10085]},"properties":{"libelle":"Abbeville"}},{"type":"Feature","geometry":{"type":"Point","coordinates":[4.03141,48.94991]},"properties":{"libelle":"Mesnil-sur-Oger"}},{"type":"Feature","geometry":{"type":"Point","coordinates":[3.50529,50.39113]},"properties":{"libelle":"Beuvrages"}},{"type":"Feature","geometry":{"type":"Point","coordinates":[1.97064,50.39454]},"properties":{"libelle":"Aubin-St-Vaast"}},{"type":"Feature","geometry":{"type":"Point","coordinates":[3.13334,50.00793]},"properties":{"libelle":"Épehy"}},{"type":"Feature","geometry":{"type":"Point","coordinates":[2.13547,49.41376]},"properties":{"libelle":"Villers-sur-Thère"}},{"type":"Feature","geometry":{"type":"Point","coordinates":[2.32859,48.95902]},"properties":{"libelle":"Épinay-Villetaneuse TT"}},{"type":"Feature","geometry":{"type":"Point","coordinates":[2.14429,49.94577]},"properties":{"libelle":"Picquigny"}},{"type":"Feature","geometry":{"type":"Point","coordinates":[2.74492,50.5221]},"properties":{"libelle":"Cuinchy"}},{"type":"Feature","geometry":{"type":"Point","coordinates":[2.22993,48.87918]},"properties":{"libelle":"Suresnes-Puteaux"}},{"type":"Feature","geometry":{"type":"Point","coordinates":[2.56175,49.6412]},"properties":{"libelle":"Montdidier"}},{"type":"Feature","geometry":{"type":"Point","coordinates":[1.96319,49.00727]},"properties":{"libelle":"Vaux-sur-Seine"}},{"type":"Feature","geometry":{"type":"Point","coordinates":[3.29097,49.55227]},"properties":{"libelle":"Folembray"}},{"type":"Feature","geometry":{"type":"Point","coordinates":[1.78301,49.27231]},"properties":{"libelle":"Gisors-Boisgeloup"}},{"type":"Feature","geometry":{"type":"Point","coordinates":[2.2827,48.87803]},"properties":{"libelle":"Porte Maillot"}},{"type":"Feature","geometry":{"type":"Point","coordinates":[2.36399,49.7545]},"properties":{"libelle":"Ailly-sur-Noye"}},{"type":"Feature","geometry":{"type":"Point","coordinates":[2.21482,48.82111]},"properties":{"libelle":"Sèvres-Rive-Gauche"}},{"type":"Feature","geometry":{"type":"Point","coordinates":[2.29795,48.88531]},"properties":{"libelle":"Péreire-Levallois"}},{"type":"Feature","geometry":{"type":"Point","coordinates":[3.35253,49.18752]},"properties":{"libelle":"Oulchy-Breny"}},{"type":"Feature","geometry":{"type":"Point","coordinates":[3.56122,49.98287]},"properties":{"libelle":"Mennevret"}},{"type":"Feature","geometry":{"type":"Point","coordinates":[2.10236,50.39642]},"properties":{"libelle":"Auchy-lès-Hesdin"}},{"type":"Feature","geometry":{"type":"Point","coordinates":[2.27124,48.98082]},"properties":{"libelle":"Ermont-Eaubonne"}},{"type":"Feature","geometry":{"type":"Point","coordinates":[3.04393,49.93763]},"properties":{"libelle":"Tincourt-Boucly"}},{"type":"Feature","geometry":{"type":"Point","coordinates":[2.43369,48.76478]},"properties":{"libelle":"Villeneuve-Prairie"}},{"type":"Feature","geometry":{"type":"Point","coordinates":[2.30237,48.95406]},"properties":{"libelle":"Épinay-sur-Seine"}},{"type":"Feature","geometry":{"type":"Point","coordinates":[2.6822,49.65945]},"properties":{"libelle":"Laboissière-Fescamps"}},{"type":"Feature","geometry":{"type":"Point","coordinates":[3.24377,50.17574]},"properties":{"libelle":"Cambrai"}},{"type":"Feature","geometry":{"type":"Point","coordinates":[2.17223,50.42474]},"properties":{"libelle":"Blangy-sur-Ternoise"}},{"type":"Feature","geometry":{"type":"Point","coordinates":[3.93047,50.27514]},"properties":{"libelle":"Douzies"}},{"type":"Feature","geometry":{"type":"Point","coordinates":[2.18923,48.8049]},"properties":{"libelle":"Chaville-Rive-Gauche"}},{"type":"Feature","geometry":{"type":"Point","coordinates":[2.17272,49.39836]},"properties":{"libelle":"Rochy-Condé"}},{"type":"Feature","geometry":{"type":"Point","coordinates":[2.72096,50.27435]},"properties":{"libelle":"Dainville"}},{"type":"Feature","geometry":{"type":"Point","coordinates":[2.56695,50.53788]},"properties":{"libelle":"Chocques"}},{"type":"Feature","geometry":{"type":"Point","coordinates":[2.53183,49.71365]},"properties":{"libelle":"Hargicourt-Pierrepont"}},{"type":"Feature","geometry":{"type":"Point","coordinates":[2.31503,49.41161]},"properties":{"libelle":"La Rue-St-Pierre"}},{"type":"Feature","geometry":{"type":"Point","coordinates":[3.56208,48.73088]},"properties":{"libelle":"Esternay"}},{"type":"Feature","geometry":{"type":"Point","coordinates":[2.8253,49.21249]},"properties":{"libelle":"Auger-St-Vincent"}},{"type":"Feature","geometry":{"type":"Point","coordinates":[1.64322,50.5168]},"properties":{"libelle":"Étaples-Le Touquet"}},{"type":"Feature","geometry":{"type":"Point","coordinates":[2.1036,49.03918]},"properties":{"libelle":"St-Ouen-l'Aumône-Église"}},{"type":"Feature","geometry":{"type":"Point","coordinates":[2.21635,50.06013]},"properties":{"libelle":"Canaples"}},{"type":"Feature","geometry":{"type":"Point","coordinates":[3.72871,50.30283]},"properties":{"libelle":"La Flamengrie-St-Waast"}},{"type":"Feature","geometry":{"type":"Point","coordinates":[2.1319,49.06154]},"properties":{"libelle":"Pont-Petit"}},{"type":"Feature","geometry":{"type":"Point","coordinates":[3.12082,49.1796]},"properties":{"libelle":"La Ferté-Milon"}},{"type":"Feature","geometry":{"type":"Point","coordinates":[2.09,49.42629]},"properties":{"libelle":"Beauvais"}},{"type":"Feature","geometry":{"type":"Point","coordinates":[1.94155,50.02941]},"properties":{"libelle":"Fontaine-sur-Somme"}},{"type":"Feature","geometry":{"type":"Point","coordinates":[2.73053,49.66848]},"properties":{"libelle":"Dancourt"}},{"type":"Feature","geometry":{"type":"Point","coordinates":[2.51437,48.97333]},"properties":{"libelle":"Parc-des-Expositions"}},{"type":"Feature","geometry":{"type":"Point","coordinates":[1.21073,48.99834]},"properties":{"libelle":"St-Aubin-du-Vieil-Évreux"}},{"type":"Feature","geometry":{"type":"Point","coordinates":[2.8322,49.85864]},"properties":{"libelle":"TGV Haute-Picardie"}},{"type":"Feature","geometry":{"type":"Point","coordinates":[2.93565,49.91579]},"properties":{"libelle":"Péronne-la-Chapelette"}},{"type":"Feature","geometry":{"type":"Point","coordinates":[1.6359,50.06828]},"properties":{"libelle":"Chepy-Valines"}},{"type":"Feature","geometry":{"type":"Point","coordinates":[2.46891,49.26394]},"properties":{"libelle":"Creil"}},{"type":"Feature","geometry":{"type":"Point","coordinates":[1.25865,48.99023]},"properties":{"libelle":"Le Val-David"}},{"type":"Feature","geometry":{"type":"Point","coordinates":[3.0757,49.13564]},"properties":{"libelle":"Mareuil-sur-Ourcq"}},{"type":"Feature","geometry":{"type":"Point","coordinates":[2.27471,48.81415]},"properties":{"libelle":"Clamart"}},{"type":"Feature","geometry":{"type":"Point","coordinates":[2.30096,48.75497]},"properties":{"libelle":"Antony"}},{"type":"Feature","geometry":{"type":"Point","coordinates":[2.25485,48.71789]},"properties":{"libelle":"Massy-TGV"}},{"type":"Feature","geometry":{"type":"Point","coordinates":[2.3225,49.06603]},"properties":{"libelle":"Montsoult-Maffliers"}},{"type":"Feature","geometry":{"type":"Point","coordinates":[4.18104,48.67555]},"properties":{"libelle":"Mailly-le-Camp"}},{"type":"Feature","geometry":{"type":"Point","coordinates":[2.98087,50.32728]},"properties":{"libelle":"Vitry-en-Artois"}},{"type":"Feature","geometry":{"type":"Point","coordinates":[2.05077,48.86732]},"properties":{"libelle":"St-Nom-la-Bretêche-Forêt-de-Marly TT"}},{"type":"Feature","geometry":{"type":"Point","coordinates":[3.00712,48.99799]},"properties":{"libelle":"Isles-Armentières"}},{"type":"Feature","geometry":{"type":"Point","coordinates":[3.22045,50.53112]},"properties":{"libelle":"Genech"}},{"type":"Feature","geometry":{"type":"Point","coordinates":[1.80767,50.11062]},"properties":{"libelle":"Faubourg-de-Rouvroy"}},{"type":"Feature","geometry":{"type":"Point","coordinates":[2.36704,48.8405]},"properties":{"libelle":"Paris-Austerlitz-Souterrain"}},{"type":"Feature","geometry":{"type":"Point","coordinates":[4.06656,49.71275]},"properties":{"libelle":"Magny (Aisne)"}},{"type":"Feature","geometry":{"type":"Point","coordinates":[2.061,49.43269]},"properties":{"libelle":"St-Just-des-Marais"}},{"type":"Feature","geometry":{"type":"Point","coordinates":[3.96134,49.4344]},"properties":{"libelle":"Guignicourt"}},{"type":"Feature","geometry":{"type":"Point","coordinates":[2.39267,49.79967]},"properties":{"libelle":"Dommartin-Remiencourt"}},{"type":"Feature","geometry":{"type":"Point","coordinates":[3.41812,50.44365]},"properties":{"libelle":"St-Amand-les-Eaux"}},{"type":"Feature","geometry":{"type":"Point","coordinates":[3.53093,48.87297]},"properties":{"libelle":"Montmirail"}},{"type":"Feature","geometry":{"type":"Point","coordinates":[2.96435,49.92015]},"properties":{"libelle":"Doingt"}},{"type":"Feature","geometry":{"type":"Point","coordinates":[3.58692,49.68615]},"properties":{"libelle":"Pouilly-sur-Serre"}},{"type":"Feature","geometry":{"type":"Point","coordinates":[2.48924,48.85406]},"properties":{"libelle":"Val-de-Fontenay"}},{"type":"Feature","geometry":{"type":"Point","coordinates":[1.35778,49.3555]},"properties":{"libelle":"Fleury-sur-Andelle"}},{"type":"Feature","geometry":{"type":"Point","coordinates":[4.32014,49.30248]},"properties":{"libelle":"Pontfaverger"}},{"type":"Feature","geometry":{"type":"Point","coordinates":[2.90504,50.51167]},"properties":{"libelle":"Bauvin-Provin"}},{"type":"Feature","geometry":{"type":"Point","coordinates":[2.80209,49.80704]},"properties":{"libelle":"Chaulnes"}},{"type":"Feature","geometry":{"type":"Point","coordinates":[2.37076,48.89508]},"properties":{"libelle":"Paris-La Villette-Hébert"}},{"type":"Feature","geometry":{"type":"Point","coordinates":[1.70291,48.82662]},"properties":{"libelle":"Orgérus-Béhoust"}},{"type":"Feature","geometry":{"type":"Point","coordinates":[2.34919,49.07852]},"properties":{"libelle":"Villaines"}},{"type":"Feature","geometry":{"type":"Point","coordinates":[3.89186,49.27821]},"properties":{"libelle":"Muizon"}},{"type":"Feature","geometry":{"type":"Point","coordinates":[3.91312,50.13223]},"properties":{"libelle":"St-Hilaire"}},{"type":"Feature","geometry":{"type":"Point","coordinates":[1.77151,49.74856]},"properties":{"libelle":"Quincampoix"}},{"type":"Feature","geometry":{"type":"Point","coordinates":[2.27216,48.9137]},"properties":{"libelle":"Bois-Colombes"}},{"type":"Feature","geometry":{"type":"Point","coordinates":[2.1908,49.05743]},"properties":{"libelle":"Méry (Val-d'Oise)"}},{"type":"Feature","geometry":{"type":"Point","coordinates":[2.95886,50.49031]},"properties":{"libelle":"Carvin"}},{"type":"Feature","geometry":{"type":"Point","coordinates":[2.3537,48.98442]},"properties":{"libelle":"Groslay"}},{"type":"Feature","geometry":{"type":"Point","coordinates":[3.73796,49.59392]},"properties":{"libelle":"Samoussy"}},{"type":"Feature","geometry":{"type":"Point","coordinates":[3.44903,50.09115]},"properties":{"libelle":"Bertry"}},{"type":"Feature","geometry":{"type":"Point","coordinates":[4.06819,50.03715]},"properties":{"libelle":"Glageon-Couplevoie"}},{"type":"Feature","geometry":{"type":"Point","coordinates":[2.41799,49.44471]},"properties":{"libelle":"Avrechy"}},{"type":"Feature","geometry":{"type":"Point","coordinates":[2.36845,48.9951]},"properties":{"libelle":"Sarcelles-St-Brice"}},{"type":"Feature","geometry":{"type":"Point","coordinates":[3.97057,48.85164]},"properties":{"libelle":"Coligny (Marne)"}},{"type":"Feature","geometry":{"type":"Point","coordinates":[3.98363,48.76241]},"properties":{"libelle":"Fère-Champenoise"}},{"type":"Feature","geometry":{"type":"Point","coordinates":[1.42592,50.04788]},"properties":{"libelle":"Eu-la-Mouillette"}},{"type":"Feature","geometry":{"type":"Point","coordinates":[3.96014,49.0464]},"properties":{"libelle":"Epernay"}},{"type":"Feature","geometry":{"type":"Point","coordinates":[1.66898,48.82938]},"properties":{"libelle":"Tacoignières-Richebourg"}},{"type":"Feature","geometry":{"type":"Point","coordinates":[4.41224,49.24442]},"properties":{"libelle":"Dontrien"}},{"type":"Feature","geometry":{"type":"Point","coordinates":[4.26034,49.80663]},"properties":{"libelle":"Rumigny"}},{"type":"Feature","geometry":{"type":"Point","coordinates":[2.94176,49.92811]},"properties":{"libelle":"Péronne-Flamicourt"}},{"type":"Feature","geometry":{"type":"Point","coordinates":[2.30023,50.41446]},"properties":{"libelle":"Wavrans"}},{"type":"Feature","geometry":{"type":"Point","coordinates":[3.89532,49.656]},"properties":{"libelle":"Bucy-lès-Pierrepont"}},{"type":"Feature","geometry":{"type":"Point","coordinates":[2.28982,48.85656]},"properties":{"libelle":"Champ-de-Mars-Tour-Eiffel"}},{"type":"Feature","geometry":{"type":"Point","coordinates":[2.1728,49.39844]},"properties":{"libelle":"Rochy-Condé"}},{"type":"Feature","geometry":{"type":"Point","coordinates":[2.48648,48.8054]},"properties":{"libelle":"Le Parc-de-St-Maur"}},{"type":"Feature","geometry":{"type":"Point","coordinates":[2.2651,48.8562]},"properties":{"libelle":"Passy"}},{"type":"Feature","geometry":{"type":"Point","coordinates":[2.31024,49.88991]},"properties":{"libelle":"Amiens"}},{"type":"Feature","geometry":{"type":"Point","coordinates":[2.6094,50.52538]},"properties":{"libelle":"Fouquereuil"}},{"type":"Feature","geometry":{"type":"Point","coordinates":[2.2592,48.92407]},"properties":{"libelle":"Colombes"}},{"type":"Feature","geometry":{"type":"Point","coordinates":[2.22171,49.36725]},"properties":{"libelle":"Villers-St-Sépulcre"}},{"type":"Feature","geometry":{"type":"Point","coordinates":[1.75488,50.4811]},"properties":{"libelle":"Attin-Garage"}},{"type":"Feature","geometry":{"type":"Point","coordinates":[3.33042,50.22628]},"properties":{"libelle":"Iwuy"}},{"type":"Feature","geometry":{"type":"Point","coordinates":[2.78061,50.13197]},"properties":{"libelle":"Achiet"}},{"type":"Feature","geometry":{"type":"Point","coordinates":[3.681,50.12778]},"properties":{"libelle":"Landrecies"}},{"type":"Feature","geometry":{"type":"Point","coordinates":[3.60169,49.67613]},"properties":{"libelle":"Mesbrecourt"}},{"type":"Feature","geometry":{"type":"Point","coordinates":[3.32082,49.87769]},"properties":{"libelle":"Morcourt"}},{"type":"Feature","geometry":{"type":"Point","coordinates":[3.09441,49.95023]},"properties":{"libelle":"Roisel"}},{"type":"Feature","geometry":{"type":"Point","coordinates":[3.59209,50.01127]},"properties":{"libelle":"Wassigny"}},{"type":"Feature","geometry":{"type":"Point","coordinates":[2.36272,48.91812]},"properties":{"libelle":"La Plaine-Stade-de-France"}},{"type":"Feature","geometry":{"type":"Point","coordinates":[1.92066,49.20234]},"properties":{"libelle":"Lavilletertre"}},{"type":"Feature","geometry":{"type":"Point","coordinates":[2.42683,48.8017]},"properties":{"libelle":"Maisons-Alfort-Alfortville"}},{"type":"Feature","geometry":{"type":"Point","coordinates":[2.64272,49.43788]},"properties":{"libelle":"Estrées-St-Denis"}},{"type":"Feature","geometry":{"type":"Point","coordinates":[2.27006,48.98088]},"properties":{"libelle":"Ermont-Eaubonne"}},{"type":"Feature","geometry":{"type":"Point","coordinates":[1.94147,48.83213]},"properties":{"libelle":"Plaisir-Grignon"}},{"type":"Feature","geometry":{"type":"Point","coordinates":[3.31013,49.52604]},"properties":{"libelle":"Coucy-le-Château"}},{"type":"Feature","geometry":{"type":"Point","coordinates":[2.28426,48.87787]},"properties":{"libelle":"Neuilly-Porte-Maillot"}},{"type":"Feature","geometry":{"type":"Point","coordinates":[2.2773,48.83691]},"properties":{"libelle":"Grenelle-Marchandises"}},{"type":"Feature","geometry":{"type":"Point","coordinates":[2.30645,48.97323]},"properties":{"libelle":"Enghien-les-Bains"}},{"type":"Feature","geometry":{"type":"Point","coordinates":[3.99146,48.76468]},"properties":{"libelle":"Monswiller"}},{"type":"Feature","geometry":{"type":"Point","coordinates":[2.24164,49.3544]},"properties":{"libelle":"Hermes-Berthecourt"}},{"type":"Feature","geometry":{"type":"Point","coordinates":[1.78542,49.28491]},"properties":{"libelle":"Gisors"}},{"type":"Feature","geometry":{"type":"Point","coordinates":[4.03847,49.20712]},"properties":{"libelle":"Trois-Puits"}},{"type":"Feature","geometry":{"type":"Point","coordinates":[3.78023,50.00907]},"properties":{"libelle":"Le Nouvion-en-Thiérache"}},{"type":"Feature","geometry":{"type":"Point","coordinates":[2.41789,48.74537]},"properties":{"libelle":"Les Saules"}},{"type":"Feature","geometry":{"type":"Point","coordinates":[3.98389,48.76266]},"properties":{"libelle":"Fère-Champenoise"}},{"type":"Feature","geometry":{"type":"Point","coordinates":[2.94122,50.31636]},"properties":{"libelle":"Biache-St-Vaast"}},{"type":"Feature","geometry":{"type":"Point","coordinates":[2.98853,49.23383]},"properties":{"libelle":"Vaumoise"}},{"type":"Feature","geometry":{"type":"Point","coordinates":[1.64415,50.51453]},"properties":{"libelle":"Étaples-Le Touquet"}},{"type":"Feature","geometry":{"type":"Point","coordinates":[2.36315,49.02259]},"properties":{"libelle":"Écouen-Ézanville"}},{"type":"Feature","geometry":{"type":"Point","coordinates":[2.55353,48.87705]},"properties":{"libelle":"Le Chénay-Gagny"}},{"type":"Feature","geometry":{"type":"Point","coordinates":[1.81864,49.28232]},"properties":{"libelle":"Trie-Château"}},{"type":"Feature","geometry":{"type":"Point","coordinates":[1.38053,49.36824]},"properties":{"libelle":"Charleval"}},{"type":"Feature","geometry":{"type":"Point","coordinates":[3.20886,48.79931]},"properties":{"libelle":"St-Siméon"}},{"type":"Feature","geometry":{"type":"Point","coordinates":[3.48446,49.63394]},"properties":{"libelle":"Fourdrain"}},{"type":"Feature","geometry":{"type":"Point","coordinates":[2.38682,48.67612]},"properties":{"libelle":"Viry-Châtillon"}},{"type":"Feature","geometry":{"type":"Point","coordinates":[3.62808,50.31585]},"properties":{"libelle":"Jenlain"}},{"type":"Feature","geometry":{"type":"Point","coordinates":[2.50751,49.73503]},"properties":{"libelle":"Braches"}},{"type":"Feature","geometry":{"type":"Point","coordinates":[3.19375,50.51313]},"properties":{"libelle":"Cappelle-Huquinville"}},{"type":"Feature","geometry":{"type":"Point","coordinates":[3.85153,50.20217]},"properties":{"libelle":"Aulnoye-Aymeries (IE)"}},{"type":"Feature","geometry":{"type":"Point","coordinates":[3.65593,49.63058]},"properties":{"libelle":"Barenton-Bugny"}},{"type":"Feature","geometry":{"type":"Point","coordinates":[2.35016,48.91755]},"properties":{"libelle":"Stade-de-France-St-Denis"}},{"type":"Feature","geometry":{"type":"Point","coordinates":[1.38796,49.01417]},"properties":{"libelle":"Pacy-sur-Eure"}},{"type":"Feature","geometry":{"type":"Point","coordinates":[2.27287,48.814]},"properties":{"libelle":"Clamart"}},{"type":"Feature","geometry":{"type":"Point","coordinates":[2.39413,48.6512]},"properties":{"libelle":"Grigny-Centre"}},{"type":"Feature","geometry":{"type":"Point","coordinates":[2.8087,49.46074]},"properties":{"libelle":"Coudun"}},{"type":"Feature","geometry":{"type":"Point","coordinates":[2.24088,48.8148]},"properties":{"libelle":"Meudon"}},{"type":"Feature","geometry":{"type":"Point","coordinates":[4.38675,49.26744]},"properties":{"libelle":"St-Hilaire-le-Petit"}},{"type":"Feature","geometry":{"type":"Point","coordinates":[2.76329,49.11352]},"properties":{"libelle":"La Baraque"}},{"type":"Feature","geometry":{"type":"Point","coordinates":[2.78799,50.16931]},"properties":{"libelle":"Courcelles-le-Comte"}},{"type":"Feature","geometry":{"type":"Point","coordinates":[2.2594,48.92418]},"properties":{"libelle":"Colombes"}},{"type":"Feature","geometry":{"type":"Point","coordinates":[1.66956,49.58066]},"properties":{"libelle":"Haussez"}},{"type":"Feature","geometry":{"type":"Point","coordinates":[2.3487,49.69664]},"properties":{"libelle":"La Faloise"}},{"type":"Feature","geometry":{"type":"Point","coordinates":[3.54009,50.09076]},"properties":{"libelle":"Le Cateau"}},{"type":"Feature","geometry":{"type":"Point","coordinates":[2.98451,49.5635]},"properties":{"libelle":"Pont-l'Évêque-sur-Oise"}},{"type":"Feature","geometry":{"type":"Point","coordinates":[2.64198,50.52052]},"properties":{"libelle":"Béthune"}},{"type":"Feature","geometry":{"type":"Point","coordinates":[2.23511,48.99336]},"properties":{"libelle":"Franconville-Plessis-Bouchard"}},{"type":"Feature","geometry":{"type":"Point","coordinates":[2.37641,48.83061]},"properties":{"libelle":"Paris-Tolbiac"}},{"type":"Feature","geometry":{"type":"Point","coordinates":[2.513,48.79452]},"properties":{"libelle":"La Varenne-Chennevières"}},{"type":"Feature","geometry":{"type":"Point","coordinates":[1.21069,48.9986]},"properties":{"libelle":"St-Aubin-du-Vieil-Évreux"}},{"type":"Feature","geometry":{"type":"Point","coordinates":[2.07125,48.70278]},"properties":{"libelle":"St-Rémy-les-Chevreuses"}},{"type":"Feature","geometry":{"type":"Point","coordinates":[3.2898,50.46883]},"properties":{"libelle":"Landas"}},{"type":"Feature","geometry":{"type":"Point","coordinates":[2.07312,48.79886]},"properties":{"libelle":"St-Cyr"}},{"type":"Feature","geometry":{"type":"Point","coordinates":[2.1434,50.04832]},"properties":{"libelle":"St-Léger-lès-Domart"}},{"type":"Feature","geometry":{"type":"Point","coordinates":[2.24125,48.80788]},"properties":{"libelle":"Meudon-Val-Fleury"}},{"type":"Feature","geometry":{"type":"Point","coordinates":[2.41449,48.70843]},"properties":{"libelle":"Vigneux-sur-Seine"}},{"type":"Feature","geometry":{"type":"Point","coordinates":[3.99366,49.21456]},"properties":{"libelle":"Champagne-Ardenne-TGV"}},{"type":"Feature","geometry":{"type":"Point","coordinates":[2.82357,49.4221]},"properties":{"libelle":"Compiègne"}},{"type":"Feature","geometry":{"type":"Point","coordinates":[2.41753,48.74466]},"properties":{"libelle":"Les Saules"}},{"type":"Feature","geometry":{"type":"Point","coordinates":[2.46468,48.84329]},"properties":{"libelle":"Fontenay-sous-bois"}},{"type":"Feature","geometry":{"type":"Point","coordinates":[1.8459,48.99221]},"properties":{"libelle":"Juziers"}},{"type":"Feature","geometry":{"type":"Point","coordinates":[1.32798,49.34996]},"properties":{"libelle":"Radepont"}},{"type":"Feature","geometry":{"type":"Point","coordinates":[2.67611,50.48259]},"properties":{"libelle":"Noeux-les-Mines"}},{"type":"Feature","geometry":{"type":"Point","coordinates":[2.07429,48.83718]},"properties":{"libelle":"Bailly"}},{"type":"Feature","geometry":{"type":"Point","coordinates":[2.88447,50.41499]},"properties":{"libelle":"Coron-de-Méricourt"}},{"type":"Feature","geometry":{"type":"Point","coordinates":[4.19334,48.73685]},"properties":{"libelle":"Sommesous"}},{"type":"Feature","geometry":{"type":"Point","coordinates":[2.92768,49.89133]},"properties":{"libelle":"Éterpigny"}},{"type":"Feature","geometry":{"type":"Point","coordinates":[2.87341,48.95687]},"properties":{"libelle":"Meaux"}},{"type":"Feature","geometry":{"type":"Point","coordinates":[1.90205,49.00578]},"properties":{"libelle":"Meulan-Hardricourt"}},{"type":"Feature","geometry":{"type":"Point","coordinates":[3.00881,50.47998]},"properties":{"libelle":"Libercourt"}},{"type":"Feature","geometry":{"type":"Point","coordinates":[3.54234,48.9266]},"properties":{"libelle":"Artonges"}},{"type":"Feature","geometry":{"type":"Point","coordinates":[1.70244,50.10884]},"properties":{"libelle":"Quesnoy-le-Montant"}},{"type":"Feature","geometry":{"type":"Point","coordinates":[2.12845,49.03389]},"properties":{"libelle":"St-Ouen-l'Aumône-Liesse"}},{"type":"Feature","geometry":{"type":"Point","coordinates":[1.60779,49.30238]},"properties":{"libelle":"Étrépagny"}},{"type":"Feature","geometry":{"type":"Point","coordinates":[2.81068,48.90316]},"properties":{"libelle":"Esbly"}},{"type":"Feature","geometry":{"type":"Point","coordinates":[1.98816,49.50288]},"properties":{"libelle":"Milly-sur-Thérain"}},{"type":"Feature","geometry":{"type":"Point","coordinates":[2.04416,48.78726]},"properties":{"libelle":"St-Quentin-en-Yvelines"}},{"type":"Feature","geometry":{"type":"Point","coordinates":[1.44379,48.92509]},"properties":{"libelle":"Bueil"}},{"type":"Feature","geometry":{"type":"Point","coordinates":[3.12016,49.58043]},"properties":{"libelle":"Appilly"}},{"type":"Feature","geometry":{"type":"Point","coordinates":[3.61647,49.30527]},"properties":{"libelle":"Bazoches"}},{"type":"Feature","geometry":{"type":"Point","coordinates":[2.85331,50.41758]},"properties":{"libelle":"Sallaumines"}},{"type":"Feature","geometry":{"type":"Point","coordinates":[4.0393,49.0276]},"properties":{"libelle":"Oiry"}},{"type":"Feature","geometry":{"type":"Point","coordinates":[1.62386,49.62696]},"properties":{"libelle":"Gaillefontaine"}},{"type":"Feature","geometry":{"type":"Point","coordinates":[2.22165,48.84223]},"properties":{"libelle":"Pont-de-St-Cloud"}},{"type":"Feature","geometry":{"type":"Point","coordinates":[1.50565,49.31385]},"properties":{"libelle":"Saussay-Écouis"}},{"type":"Feature","geometry":{"type":"Point","coordinates":[2.46052,48.70911]},"properties":{"libelle":"Montgeron-Crosne"}},{"type":"Feature","geometry":{"type":"Point","coordinates":[2.96175,49.15166]},"properties":{"libelle":"Antilly"}},{"type":"Feature","geometry":{"type":"Point","coordinates":[1.38003,49.76042]},"properties":{"libelle":"Mesnières-en-Bray"}},{"type":"Feature","geometry":{"type":"Point","coordinates":[2.34136,50.37855]},"properties":{"libelle":"St-Pol-sur-Ternoise"}},{"type":"Feature","geometry":{"type":"Point","coordinates":[2.729,48.74505]},"properties":{"libelle":"Gretz-Armainvilliers"}},{"type":"Feature","geometry":{"type":"Point","coordinates":[1.94484,50.12861]},"properties":{"libelle":"St-Riquier"}},{"type":"Feature","geometry":{"type":"Point","coordinates":[1.27731,49.55744]},"properties":{"libelle":"Longuerue-Vieux-Manoir"}},{"type":"Feature","geometry":{"type":"Point","coordinates":[4.00162,49.04869]},"properties":{"libelle":"Ay"}},{"type":"Feature","geometry":{"type":"Point","coordinates":[3.40372,50.46629]},"properties":{"libelle":"Lecelles"}},{"type":"Feature","geometry":{"type":"Point","coordinates":[3.90552,50.27525]},"properties":{"libelle":"Les Guides"}},{"type":"Feature","geometry":{"type":"Point","coordinates":[2.32251,48.90525]},"properties":{"libelle":"St-Ouen"}},{"type":"Feature","geometry":{"type":"Point","coordinates":[2.84693,49.28186]},"properties":{"libelle":"Orrouy-Glaignes"}},{"type":"Feature","geometry":{"type":"Point","coordinates":[1.80932,48.98304]},"properties":{"libelle":"Gargenville"}},{"type":"Feature","geometry":{"type":"Point","coordinates":[2.82357,49.42224]},"properties":{"libelle":"Compiègne"}},{"type":"Feature","geometry":{"type":"Point","coordinates":[2.3263,48.87694]},"properties":{"libelle":"Paris-St-Lazare"}},{"type":"Feature","geometry":{"type":"Point","coordinates":[4.09782,49.71381]},"properties":{"libelle":"Chéry-lès-Rozoy"}},{"type":"Feature","geometry":{"type":"Point","coordinates":[3.09931,49.23834]},"properties":{"libelle":"Villers-Cotterêts"}},{"type":"Feature","geometry":{"type":"Point","coordinates":[3.37008,49.65784]},"properties":{"libelle":"La Fère"}},{"type":"Feature","geometry":{"type":"Point","coordinates":[2.40502,49.25654]},"properties":{"libelle":"Cramoisy"}},{"type":"Feature","geometry":{"type":"Point","coordinates":[1.55454,49.61314]},"properties":{"libelle":"Forges-les-Eaux"}},{"type":"Feature","geometry":{"type":"Point","coordinates":[4.37029,49.50465]},"properties":{"libelle":"Rethel"}},{"type":"Feature","geometry":{"type":"Point","coordinates":[2.06165,48.84149]},"properties":{"libelle":"Noisy-le-Roi"}},{"type":"Feature","geometry":{"type":"Point","coordinates":[3.04082,50.34314]},"properties":{"libelle":"Corbehem"}},{"type":"Feature","geometry":{"type":"Point","coordinates":[2.37234,48.96392]},"properties":{"libelle":"Pierrefitte-Stains"}},{"type":"Feature","geometry":{"type":"Point","coordinates":[2.57921,49.39113]},"properties":{"libelle":"Avrigny"}},{"type":"Feature","geometry":{"type":"Point","coordinates":[3.99569,49.21368]},"properties":{"libelle":"Champagne-Ardenne-TGV"}},{"type":"Feature","geometry":{"type":"Point","coordinates":[2.20168,49.92792]},"properties":{"libelle":"Ailly-sur-Somme"}},{"type":"Feature","geometry":{"type":"Point","coordinates":[2.46198,48.84422]},"properties":{"libelle":"Vincennes-Fontenay"}},{"type":"Feature","geometry":{"type":"Point","coordinates":[2.93066,49.1619]},"properties":{"libelle":"Betz"}},{"type":"Feature","geometry":{"type":"Point","coordinates":[2.13439,48.69795]},"properties":{"libelle":"Gif-sur-Yvette-Marchandises"}},{"type":"Feature","geometry":{"type":"Point","coordinates":[2.12166,50.04271]},"properties":{"libelle":"St-Ouen (Somme)"}},{"type":"Feature","geometry":{"type":"Point","coordinates":[2.49411,48.83859]},"properties":{"libelle":"Nogent-Le Perreux"}},{"type":"Feature","geometry":{"type":"Point","coordinates":[2.07927,48.88118]},"properties":{"libelle":"Mareil-Marly"}},{"type":"Feature","geometry":{"type":"Point","coordinates":[4.32588,49.65876]},"properties":{"libelle":"Draize-La Romagne"}},{"type":"Feature","geometry":{"type":"Point","coordinates":[4.3554,48.9324]},"properties":{"libelle":"Coolus"}},{"type":"Feature","geometry":{"type":"Point","coordinates":[2.38511,48.8843]},"properties":{"libelle":"Belleville-Villette"}},{"type":"Feature","geometry":{"type":"Point","coordinates":[2.56692,48.94432]},"properties":{"libelle":"Vert-Galant"}},{"type":"Feature","geometry":{"type":"Point","coordinates":[2.92919,50.42051]},"properties":{"libelle":"Montigny-en-Gohelle"}},{"type":"Feature","geometry":{"type":"Point","coordinates":[2.07948,49.0365]},"properties":{"libelle":"Cergy-Préfecture"}},{"type":"Feature","geometry":{"type":"Point","coordinates":[2.8264,48.89085]},"properties":{"libelle":"Montry-Condé"}},{"type":"Feature","geometry":{"type":"Point","coordinates":[2.41249,48.82037]},"properties":{"libelle":"Charenton"}},{"type":"Feature","geometry":{"type":"Point","coordinates":[4.04091,49.16648]},"properties":{"libelle":"Rilly-la-Montagne"}},{"type":"Feature","geometry":{"type":"Point","coordinates":[2.49408,48.93226]},"properties":{"libelle":"Aulnay-sous-Bois"}},{"type":"Feature","geometry":{"type":"Point","coordinates":[3.68251,49.31092]},"properties":{"libelle":"Fismes"}},{"type":"Feature","geometry":{"type":"Point","coordinates":[2.48138,50.48275]},"properties":{"libelle":"Calonne-Ricouart"}},{"type":"Feature","geometry":{"type":"Point","coordinates":[2.11637,49.34668]},"properties":{"libelle":"St-Sulpice-Auteuil"}},{"type":"Feature","geometry":{"type":"Point","coordinates":[3.53519,50.34827]},"properties":{"libelle":"Marly-les-Valenciennes"}},{"type":"Feature","geometry":{"type":"Point","coordinates":[2.22059,48.85712]},"properties":{"libelle":"Les Côteaux"}},{"type":"Feature","geometry":{"type":"Point","coordinates":[3.80175,49.77732]},"properties":{"libelle":"Lugny"}},{"type":"Feature","geometry":{"type":"Point","coordinates":[3.33842,49.36905]},"properties":{"libelle":"Soissons"}},{"type":"Feature","geometry":{"type":"Point","coordinates":[2.73756,49.54063]},"properties":{"libelle":"Ressons-sur-Matz"}},{"type":"Feature","geometry":{"type":"Point","coordinates":[2.33002,48.90711]},"properties":{"libelle":"St-Ouen-Garibaldi"}},{"type":"Feature","geometry":{"type":"Point","coordinates":[3.12178,50.31243]},"properties":{"libelle":"Cantin"}},{"type":"Feature","geometry":{"type":"Point","coordinates":[4.10308,49.22337]},"properties":{"libelle":"Reims-St-Léonard"}},{"type":"Feature","geometry":{"type":"Point","coordinates":[2.32853,48.95796]},"properties":{"libelle":"Épinay-Villetaneuse"}},{"type":"Feature","geometry":{"type":"Point","coordinates":[2.80112,49.80737]},"properties":{"libelle":"Chaulnes"}},{"type":"Feature","geometry":{"type":"Point","coordinates":[2.20982,49.11457]},"properties":{"libelle":"L'Isle-Adam-Parmain"}},{"type":"Feature","geometry":{"type":"Point","coordinates":[2.41441,48.65929]},"properties":{"libelle":"Ris-Orangis"}},{"type":"Feature","geometry":{"type":"Point","coordinates":[2.20986,49.03573]},"properties":{"libelle":"Bessancourt"}},{"type":"Feature","geometry":{"type":"Point","coordinates":[2.36852,49.1167]},"properties":{"libelle":"Viarmes"}},{"type":"Feature","geometry":{"type":"Point","coordinates":[1.3286,49.05632]},"properties":{"libelle":"Chambray-Fontaine-sous-Jouy"}},{"type":"Feature","geometry":{"type":"Point","coordinates":[2.57076,49.00414]},"properties":{"libelle":"Roissy-Aéroport-Charles-de-Gaulle 2-TGV (RER)"}},{"type":"Feature","geometry":{"type":"Point","coordinates":[2.04111,48.80715]},"properties":{"libelle":"Fontenay-le-Fleury"}},{"type":"Feature","geometry":{"type":"Point","coordinates":[3.1158,49.39662]},"properties":{"libelle":"Vic-sur-Aisne"}},{"type":"Feature","geometry":{"type":"Point","coordinates":[2.61167,49.50289]},"properties":{"libelle":"Wacquemoulin"}},{"type":"Feature","geometry":{"type":"Point","coordinates":[1.36657,48.72969]},"properties":{"libelle":"Dreux"}},{"type":"Feature","geometry":{"type":"Point","coordinates":[2.12306,49.05535]},"properties":{"libelle":"Épluches"}},{"type":"Feature","geometry":{"type":"Point","coordinates":[3.59726,49.57098]},"properties":{"libelle":"La Neuville-sous-Laon"}},{"type":"Feature","geometry":{"type":"Point","coordinates":[2.56389,49.64178]},"properties":{"libelle":"Montdidier"}},{"type":"Feature","geometry":{"type":"Point","coordinates":[2.72073,50.27448]},"properties":{"libelle":"Dainville"}},{"type":"Feature","geometry":{"type":"Point","coordinates":[3.91474,50.25331]},"properties":{"libelle":"Hautmont"}},{"type":"Feature","geometry":{"type":"Point","coordinates":[2.00385,49.08044]},"properties":{"libelle":"Montgeroult-Courcelles"}},{"type":"Feature","geometry":{"type":"Point","coordinates":[1.90182,49.4438]},"properties":{"libelle":"La Chapelle-aux-Pots"}},{"type":"Feature","geometry":{"type":"Point","coordinates":[3.08481,50.39804]},"properties":{"libelle":"Pont-de-la-Deûle"}},{"type":"Feature","geometry":{"type":"Point","coordinates":[1.88999,48.72185]},"properties":{"libelle":"Les Essarts-le-Roi"}},{"type":"Feature","geometry":{"type":"Point","coordinates":[3.1126,50.35655]},"properties":{"libelle":"Sin-le-Noble"}},{"type":"Feature","geometry":{"type":"Point","coordinates":[3.92221,50.30606]},"properties":{"libelle":"Feignies"}},{"type":"Feature","geometry":{"type":"Point","coordinates":[2.45992,48.89675]},"properties":{"libelle":"Noisy-le-Sec"}},{"type":"Feature","geometry":{"type":"Point","coordinates":[3.37645,50.11548]},"properties":{"libelle":"Fontaine-au-Pire"}},{"type":"Feature","geometry":{"type":"Point","coordinates":[2.28516,48.96388]},"properties":{"libelle":"St-Gratien"}},{"type":"Feature","geometry":{"type":"Point","coordinates":[2.89485,50.3036]},"properties":{"libelle":"Roeux"}},{"type":"Feature","geometry":{"type":"Point","coordinates":[1.77359,49.68451]},"properties":{"libelle":"Abancourt"}},{"type":"Feature","geometry":{"type":"Point","coordinates":[3.25546,50.18221]},"properties":{"libelle":"Cambrai-Porte-de-Selles"}},{"type":"Feature","geometry":{"type":"Point","coordinates":[3.12597,48.95097]},"properties":{"libelle":"La Ferté-sous-Jouarre"}},{"type":"Feature","geometry":{"type":"Point","coordinates":[2.90504,50.51167]},"properties":{"libelle":"Bauvin-Provin"}},{"type":"Feature","geometry":{"type":"Point","coordinates":[2.92691,49.50596]},"properties":{"libelle":"Ribécourt"}},{"type":"Feature","geometry":{"type":"Point","coordinates":[2.1711,48.8007]},"properties":{"libelle":"Viroflay-Rive-Gauche"}},{"type":"Feature","geometry":{"type":"Point","coordinates":[2.52135,48.86001]},"properties":{"libelle":"Neuilly-sur-Marne"}},{"type":"Feature","geometry":{"type":"Point","coordinates":[2.53479,48.9363]},"properties":{"libelle":"Sevran-Livry"}},{"type":"Feature","geometry":{"type":"Point","coordinates":[2.36723,48.96008]},"properties":{"libelle":"Pierrefite-Stains TT"}},{"type":"Feature","geometry":{"type":"Point","coordinates":[2.26375,48.72988]},"properties":{"libelle":"Massy-Palaiseau"}},{"type":"Feature","geometry":{"type":"Point","coordinates":[3.93375,50.12647]},"properties":{"libelle":"Avesnes"}},{"type":"Feature","geometry":{"type":"Point","coordinates":[4.04693,50.04014]},"properties":{"libelle":"Féron-Glageon"}},{"type":"Feature","geometry":{"type":"Point","coordinates":[1.66039,50.36018]},"properties":{"libelle":"Conchil-le-Temple"}},{"type":"Feature","geometry":{"type":"Point","coordinates":[2.35662,48.88105]},"properties":{"libelle":"Paris-Nord"}},{"type":"Feature","geometry":{"type":"Point","coordinates":[1.51366,48.76831]},"properties":{"libelle":"Marchezais-Broué"}},{"type":"Feature","geometry":{"type":"Point","coordinates":[2.66974,50.34209]},"properties":{"libelle":"Mont-St-Éloi"}},{"type":"Feature","geometry":{"type":"Point","coordinates":[2.55107,50.20958]},"properties":{"libelle":"Saulty-L'Arbret"}},{"type":"Feature","geometry":{"type":"Point","coordinates":[2.22301,48.83472]},"properties":{"libelle":"Sèvres-St-Cloud"}},{"type":"Feature","geometry":{"type":"Point","coordinates":[2.74465,49.09595]},"properties":{"libelle":"Le Plessis-Belleville"}},{"type":"Feature","geometry":{"type":"Point","coordinates":[3.252,49.73756]},"properties":{"libelle":"Montescourt"}},{"type":"Feature","geometry":{"type":"Point","coordinates":[2.51683,49.37679]},"properties":{"libelle":"Catenoy"}},{"type":"Feature","geometry":{"type":"Point","coordinates":[1.27864,49.09318]},"properties":{"libelle":"Autheuil-Authouillet"}},{"type":"Feature","geometry":{"type":"Point","coordinates":[2.38358,48.68926]},"properties":{"libelle":"Juvisy"}},{"type":"Feature","geometry":{"type":"Point","coordinates":[2.07728,48.80641]},"properties":{"libelle":"Les Portes de St-Cyr"}},{"type":"Feature","geometry":{"type":"Point","coordinates":[3.67915,49.69085]},"properties":{"libelle":"Dercy-Mortiers"}},{"type":"Feature","geometry":{"type":"Point","coordinates":[1.70413,48.98933]},"properties":{"libelle":"Mantes-la-Jolie"}},{"type":"Feature","geometry":{"type":"Point","coordinates":[3.06294,49.09162]},"properties":{"libelle":"Crouy-sur-Ourcq"}},{"type":"Feature","geometry":{"type":"Point","coordinates":[3.21607,49.25526]},"properties":{"libelle":"Corcy"}},{"type":"Feature","geometry":{"type":"Point","coordinates":[1.67501,49.9152]},"properties":{"libelle":"Nesle-Normandeuse"}},{"type":"Feature","geometry":{"type":"Point","coordinates":[3.0939,49.25011]},"properties":{"libelle":"Villers-Cotterêts"}},{"type":"Feature","geometry":{"type":"Point","coordinates":[2.60838,49.20138]},"properties":{"libelle":"Senlis"}},{"type":"Feature","geometry":{"type":"Point","coordinates":[2.27215,48.86435]},"properties":{"libelle":"Avenue-Henri-Martin"}},{"type":"Feature","geometry":{"type":"Point","coordinates":[1.70845,49.2484]},"properties":{"libelle":"Dangu"}},{"type":"Feature","geometry":{"type":"Point","coordinates":[2.33089,48.74116]},"properties":{"libelle":"Wissous"}},{"type":"Feature","geometry":{"type":"Point","coordinates":[3.47938,50.06233]},"properties":{"libelle":"Honnechy"}},{"type":"Feature","geometry":{"type":"Point","coordinates":[3.64934,50.30663]},"properties":{"libelle":"Wargnies-le-Grand"}},{"type":"Feature","geometry":{"type":"Point","coordinates":[3.55613,49.00525]},"properties":{"libelle":"Condé-en-Brie"}},{"type":"Feature","geometry":{"type":"Point","coordinates":[4.08568,49.92972]},"properties":{"libelle":"Hirson-Écoles"}},{"type":"Feature","geometry":{"type":"Point","coordinates":[3.97351,49.40685]},"properties":{"libelle":"Aguilcourt-Variscourt"}},{"type":"Feature","geometry":{"type":"Point","coordinates":[2.75287,49.51261]},"properties":{"libelle":"Marquéglise-Garage"}},{"type":"Feature","geometry":{"type":"Point","coordinates":[3.99727,49.6962]},"properties":{"libelle":"Chaourse"}},{"type":"Feature","geometry":{"type":"Point","coordinates":[2.0698,48.89433]},"properties":{"libelle":"Fourqueux-Bel Air"}},{"type":"Feature","geometry":{"type":"Point","coordinates":[2.38215,48.82437]},"properties":{"libelle":"Boulevard-Masséna"}},{"type":"Feature","geometry":{"type":"Point","coordinates":[2.69884,50.30579]},"properties":{"libelle":"Duisans"}},{"type":"Feature","geometry":{"type":"Point","coordinates":[2.33783,48.9756]},"properties":{"libelle":"Deuil-Montmagny"}},{"type":"Feature","geometry":{"type":"Point","coordinates":[2.077,48.80281]},"properties":{"libelle":"St-Cyr-Grande-Ceinture"}},{"type":"Feature","geometry":{"type":"Point","coordinates":[2.07292,48.90359]},"properties":{"libelle":"St-Germain-en-Laye-Grande-Ceinture"}},{"type":"Feature","geometry":{"type":"Point","coordinates":[2.52475,48.94725]},"properties":{"libelle":"Sevran-Beaudottes"}},{"type":"Feature","geometry":{"type":"Point","coordinates":[1.75033,50.14945]},"properties":{"libelle":"Port-le-Grand"}},{"type":"Feature","geometry":{"type":"Point","coordinates":[2.30726,48.93386]},"properties":{"libelle":"Gennevilliers"}},{"type":"Feature","geometry":{"type":"Point","coordinates":[3.43366,49.65731]},"properties":{"libelle":"Versigny"}},{"type":"Feature","geometry":{"type":"Point","coordinates":[1.44333,48.92544]},"properties":{"libelle":"Bueil"}},{"type":"Feature","geometry":{"type":"Point","coordinates":[2.37286,48.74806]},"properties":{"libelle":"Pont-de-Rungis-Aéroport-d'Orly"}},{"type":"Feature","geometry":{"type":"Point","coordinates":[2.86275,49.46677]},"properties":{"libelle":"Longueil-Annel"}},{"type":"Feature","geometry":{"type":"Point","coordinates":[2.29797,48.88527]},"properties":{"libelle":"Péreire-Levallois"}},{"type":"Feature","geometry":{"type":"Point","coordinates":[3.40979,49.03784]},"properties":{"libelle":"Château-Thierry"}},{"type":"Feature","geometry":{"type":"Point","coordinates":[2.57249,49.95559]},"properties":{"libelle":"Méricourt-Ribemont"}},{"type":"Feature","geometry":{"type":"Point","coordinates":[3.73383,49.30994]},"properties":{"libelle":"Magneux-Courlandon"}},{"type":"Feature","geometry":{"type":"Point","coordinates":[4.0009,50.25451]},"properties":{"libelle":"Ferrière-la-Grande"}},{"type":"Feature","geometry":{"type":"Point","coordinates":[1.2526,49.3225]},"properties":{"libelle":"Romilly-sur-Andelle"}},{"type":"Feature","geometry":{"type":"Point","coordinates":[3.80942,50.28832]},"properties":{"libelle":"Audignies"}},{"type":"Feature","geometry":{"type":"Point","coordinates":[2.32307,48.87942]},"properties":{"libelle":"Paris-St-Lazare"}},{"type":"Feature","geometry":{"type":"Point","coordinates":[4.40969,49.5843]},"properties":{"libelle":"Novion-Porcien"}},{"type":"Feature","geometry":{"type":"Point","coordinates":[2.31342,48.86299]},"properties":{"libelle":"Invalides"}},{"type":"Feature","geometry":{"type":"Point","coordinates":[2.3699,48.89747]},"properties":{"libelle":"Paris-La Chapelle-Évangile"}},{"type":"Feature","geometry":{"type":"Point","coordinates":[1.74304,50.13552]},"properties":{"libelle":"Gouy-Cahon"}},{"type":"Feature","geometry":{"type":"Point","coordinates":[3.4166,50.44419]},"properties":{"libelle":"St-Amand-les-Eaux"}},{"type":"Feature","geometry":{"type":"Point","coordinates":[3.76688,49.30838]},"properties":{"libelle":"Breuil-Romain"}},{"type":"Feature","geometry":{"type":"Point","coordinates":[2.19348,49.83164]},"properties":{"libelle":"Bacouël"}},{"type":"Feature","geometry":{"type":"Point","coordinates":[4.35257,48.92351]},"properties":{"libelle":"Coolus"}},{"type":"Feature","geometry":{"type":"Point","coordinates":[3.69917,49.82701]},"properties":{"libelle":"Sains-Richaumont"}},{"type":"Feature","geometry":{"type":"Point","coordinates":[3.4488,49.49597]},"properties":{"libelle":"Anizy-Pinon"}},{"type":"Feature","geometry":{"type":"Point","coordinates":[4.36337,49.29221]},"properties":{"libelle":"Bétheniville"}},{"type":"Feature","geometry":{"type":"Point","coordinates":[3.43267,50.31255]},"properties":{"libelle":"Haulchin-Thiant"}},{"type":"Feature","geometry":{"type":"Point","coordinates":[2.35893,48.87737]},"properties":{"libelle":"Paris-Est"}},{"type":"Feature","geometry":{"type":"Point","coordinates":[4.21816,49.34731]},"properties":{"libelle":"Warmeriville"}},{"type":"Feature","geometry":{"type":"Point","coordinates":[4.44598,49.77725]},"properties":{"libelle":"Aubigny-les-Pothées"}},{"type":"Feature","geometry":{"type":"Point","coordinates":[3.70498,49.08714]},"properties":{"libelle":"Troissy"}},{"type":"Feature","geometry":{"type":"Point","coordinates":[4.24072,48.99651]},"properties":{"libelle":"Matougues"}},{"type":"Feature","geometry":{"type":"Point","coordinates":[2.94953,48.96019]},"properties":{"libelle":"Trilport"}},{"type":"Feature","geometry":{"type":"Point","coordinates":[1.97061,49.0995]},"properties":{"libelle":"Us"}},{"type":"Feature","geometry":{"type":"Point","coordinates":[2.30239,48.80889]},"properties":{"libelle":"Montrouge-Châtillon"}},{"type":"Feature","geometry":{"type":"Point","coordinates":[3.99065,49.3459]},"properties":{"libelle":"Loivre"}},{"type":"Feature","geometry":{"type":"Point","coordinates":[3.0254,48.95916]},"properties":{"libelle":"Changis-St-Jean"}},{"type":"Feature","geometry":{"type":"Point","coordinates":[1.2059,49.91154]},"properties":{"libelle":"Sauchay-Bellengreville"}},{"type":"Feature","geometry":{"type":"Point","coordinates":[3.47584,50.40069]},"properties":{"libelle":"Vicoigne"}},{"type":"Feature","geometry":{"type":"Point","coordinates":[3.08486,50.39811]},"properties":{"libelle":"Pont-de-la-Deûle"}},{"type":"Feature","geometry":{"type":"Point","coordinates":[2.39811,49.84629]},"properties":{"libelle":"Boves"}},{"type":"Feature","geometry":{"type":"Point","coordinates":[2.7968,49.29693]},"properties":{"libelle":"Béthisy-St-Pierre"}},{"type":"Feature","geometry":{"type":"Point","coordinates":[3.1461,50.27814]},"properties":{"libelle":"Brunémont"}},{"type":"Feature","geometry":{"type":"Point","coordinates":[3.10976,49.97655]},"properties":{"libelle":"Villers-Faucon"}},{"type":"Feature","geometry":{"type":"Point","coordinates":[2.90842,49.76421]},"properties":{"libelle":"Nesle"}},{"type":"Feature","geometry":{"type":"Point","coordinates":[3.6102,49.6101]},"properties":{"libelle":"Aulnois-sous-Laon"}},{"type":"Feature","geometry":{"type":"Point","coordinates":[2.78188,50.2867]},"properties":{"libelle":"Arras"}},{"type":"Feature","geometry":{"type":"Point","coordinates":[2.25319,49.87952]},"properties":{"libelle":"Pont-de-Metz"}},{"type":"Feature","geometry":{"type":"Point","coordinates":[1.21221,49.24848]},"properties":{"libelle":"Le Vaudreuil-St-Étienne"}},{"type":"Feature","geometry":{"type":"Point","coordinates":[4.29685,49.43911]},"properties":{"libelle":"Tagnon"}},{"type":"Feature","geometry":{"type":"Point","coordinates":[4.01423,49.32935]},"properties":{"libelle":"Courcy-Brimont"}},{"type":"Feature","geometry":{"type":"Point","coordinates":[2.31339,48.88765]},"properties":{"libelle":"Pont-Cardinet"}},{"type":"Feature","geometry":{"type":"Point","coordinates":[2.27204,48.914]},"properties":{"libelle":"Bois-Colombes"}},{"type":"Feature","geometry":{"type":"Point","coordinates":[2.44924,49.29281]},"properties":{"libelle":"Laigneville"}},{"type":"Feature","geometry":{"type":"Point","coordinates":[2.00613,48.98096]},"properties":{"libelle":"Triel-sur-Seine"}},{"type":"Feature","geometry":{"type":"Point","coordinates":[3.33213,50.27841]},"properties":{"libelle":"Bouchain"}},{"type":"Feature","geometry":{"type":"Point","coordinates":[3.34493,48.7727]},"properties":{"libelle":"Lescherolles"}},{"type":"Feature","geometry":{"type":"Point","coordinates":[2.49402,48.93215]},"properties":{"libelle":"Aulnay-sous-Bois"}},{"type":"Feature","geometry":{"type":"Point","coordinates":[4.17452,49.3614]},"properties":{"libelle":"Bazancourt"}},{"type":"Feature","geometry":{"type":"Point","coordinates":[2.57096,49.00304]},"properties":{"libelle":"Roissy-CDGX 2"}},{"type":"Feature","geometry":{"type":"Point","coordinates":[2.42854,50.47997]},"properties":{"libelle":"Pernes-Camblain"}},{"type":"Feature","geometry":{"type":"Point","coordinates":[2.22919,49.91503]},"properties":{"libelle":"Dreuil-lès-Amiens"}},{"type":"Feature","geometry":{"type":"Point","coordinates":[2.42921,49.50355]},"properties":{"libelle":"St-Just-en-Chaussée"}},{"type":"Feature","geometry":{"type":"Point","coordinates":[1.37048,48.73106]},"properties":{"libelle":"Dreux"}},{"type":"Feature","geometry":{"type":"Point","coordinates":[2.51977,49.29781]},"properties":{"libelle":"Rieux-Angicourt"}},{"type":"Feature","geometry":{"type":"Point","coordinates":[2.13244,49.23213]},"properties":{"libelle":"Méru"}},{"type":"Feature","geometry":{"type":"Point","coordinates":[2.25522,50.44687]},"properties":{"libelle":"Anvin"}},{"type":"Feature","geometry":{"type":"Point","coordinates":[2.92096,49.87584]},"properties":{"libelle":"Pont-les-Brie"}},{"type":"Feature","geometry":{"type":"Point","coordinates":[4.02271,49.23342]},"properties":{"libelle":"Reims-Maison-Blanche"}},{"type":"Feature","geometry":{"type":"Point","coordinates":[2.03527,50.3783]},"properties":{"libelle":"Hesdin"}},{"type":"Feature","geometry":{"type":"Point","coordinates":[4.12577,49.91342]},"properties":{"libelle":"St-Michel-Sougland"}},{"type":"Feature","geometry":{"type":"Point","coordinates":[2.52425,48.8378]},"properties":{"libelle":"Bry-sur-Marne"}},{"type":"Feature","geometry":{"type":"Point","coordinates":[1.97749,50.02153]},"properties":{"libelle":"Long-Le Catelet"}},{"type":"Feature","geometry":{"type":"Point","coordinates":[2.48605,48.87049]},"properties":{"libelle":"Rosny-sous-Bois"}},{"type":"Feature","geometry":{"type":"Point","coordinates":[1.5416,48.94328]},"properties":{"libelle":"Bréval"}},{"type":"Feature","geometry":{"type":"Point","coordinates":[1.70309,48.98909]},"properties":{"libelle":"Mantes-la-Jolie"}},{"type":"Feature","geometry":{"type":"Point","coordinates":[1.71046,49.88136]},"properties":{"libelle":"Hodeng-Senarpont"}},{"type":"Feature","geometry":{"type":"Point","coordinates":[2.7061,49.66401]},"properties":{"libelle":"Grivillers"}},{"type":"Feature","geometry":{"type":"Point","coordinates":[2.32642,49.15516]},"properties":{"libelle":"Bruyères-sur-Oise"}},{"type":"Feature","geometry":{"type":"Point","coordinates":[2.69824,50.32244]},"properties":{"libelle":"Maroeuil"}},{"type":"Feature","geometry":{"type":"Point","coordinates":[2.45946,49.18721]},"properties":{"libelle":"Chantilly-Gouvieux"}},{"type":"Feature","geometry":{"type":"Point","coordinates":[3.12084,50.28633]},"properties":{"libelle":"Arleux"}},{"type":"Feature","geometry":{"type":"Point","coordinates":[1.43606,49.7328]},"properties":{"libelle":"Neufchâtel-en-Bray"}},{"type":"Feature","geometry":{"type":"Point","coordinates":[2.37383,48.84412]},"properties":{"libelle":"Paris-Gare-de-Lyon-Souterrain"}},{"type":"Feature","geometry":{"type":"Point","coordinates":[2.32831,48.87501]},"properties":{"libelle":"Haussmann-St-Lazare"}},{"type":"Feature","geometry":{"type":"Point","coordinates":[2.47783,49.03304]},"properties":{"libelle":"Les Noues"}},{"type":"Feature","geometry":{"type":"Point","coordinates":[1.61811,50.51459]},"properties":{"libelle":"Le Touquet-Aéroport"}},{"type":"Feature","geometry":{"type":"Point","coordinates":[1.31522,48.67519]},"properties":{"libelle":"Aunay-Tréon"}},{"type":"Feature","geometry":{"type":"Point","coordinates":[3.01392,50.33637]},"properties":{"libelle":"Brebières-Sud"}},{"type":"Feature","geometry":{"type":"Point","coordinates":[3.29675,49.65994]},"properties":{"libelle":"Tergnier"}},{"type":"Feature","geometry":{"type":"Point","coordinates":[2.40355,48.79881]},"properties":{"libelle":"Vitry-sur-Seine"}},{"type":"Feature","geometry":{"type":"Point","coordinates":[3.50397,49.20872]},"properties":{"libelle":"Fère-en-Tardenois"}},{"type":"Feature","geometry":{"type":"Point","coordinates":[2.73465,50.44805]},"properties":{"libelle":"Bully-Grenay"}},{"type":"Feature","geometry":{"type":"Point","coordinates":[1.85646,48.69291]},"properties":{"libelle":"Le Perray"}},{"type":"Feature","geometry":{"type":"Point","coordinates":[3.40081,50.19705]},"properties":{"libelle":"St-Aubert"}},{"type":"Feature","geometry":{"type":"Point","coordinates":[3.70579,48.65805]},"properties":{"libelle":"Barbonne-Fayel"}},{"type":"Feature","geometry":{"type":"Point","coordinates":[1.81279,49.44546]},"properties":{"libelle":"St-Germer"}},{"type":"Feature","geometry":{"type":"Point","coordinates":[1.44368,50.04046]},"properties":{"libelle":"Ponts-et-Marais"}},{"type":"Feature","geometry":{"type":"Point","coordinates":[2.17992,48.98036]},"properties":{"libelle":"La Frette-Montigny"}},{"type":"Feature","geometry":{"type":"Point","coordinates":[3.99764,50.25972]},"properties":{"libelle":"La Machine"}},{"type":"Feature","geometry":{"type":"Point","coordinates":[1.60536,50.06483]},"properties":{"libelle":"Feuquerolles"}},{"type":"Feature","geometry":{"type":"Point","coordinates":[2.55926,49.00952]},"properties":{"libelle":"Roissy-Aéroport-Charles-de-Gaulle 1"}},{"type":"Feature","geometry":{"type":"Point","coordinates":[2.37352,48.8443]},"properties":{"libelle":"Paris-Gare-de-Lyon"}},{"type":"Feature","geometry":{"type":"Point","coordinates":[4.01638,49.69788]},"properties":{"libelle":"Montcornet"}},{"type":"Feature","geometry":{"type":"Point","coordinates":[2.46058,48.89663]},"properties":{"libelle":"Noisy-le-Sec"}},{"type":"Feature","geometry":{"type":"Point","coordinates":[2.16167,48.99041]},"properties":{"libelle":"Herblay"}},{"type":"Feature","geometry":{"type":"Point","coordinates":[3.83629,50.18474]},"properties":{"libelle":"Leval"}},{"type":"Feature","geometry":{"type":"Point","coordinates":[3.98881,49.26503]},"properties":{"libelle":"St-Brice-Courcelles"}},{"type":"Feature","geometry":{"type":"Point","coordinates":[2.25686,49.99124]},"properties":{"libelle":"Flesselles"}},{"type":"Feature","geometry":{"type":"Point","coordinates":[1.36698,49.03142]},"properties":{"libelle":"Menilles"}},{"type":"Feature","geometry":{"type":"Point","coordinates":[2.57922,48.82347]},"properties":{"libelle":"Les Yvris-Noisy-le-Grand"}},{"type":"Feature","geometry":{"type":"Point","coordinates":[1.3371,49.60356]},"properties":{"libelle":"Montérolier-Buchy"}},{"type":"Feature","geometry":{"type":"Point","coordinates":[2.41782,49.38545]},"properties":{"libelle":"Clermont-de-l'Oise"}},{"type":"Feature","geometry":{"type":"Point","coordinates":[3.45932,50.31625]},"properties":{"libelle":"Prouvy-Thiant"}},{"type":"Feature","geometry":{"type":"Point","coordinates":[2.39057,48.97668]},"properties":{"libelle":"Garges-Sarcelles"}},{"type":"Feature","geometry":{"type":"Point","coordinates":[2.3581,48.91549]},"properties":{"libelle":"La Plaine-Voyageurs"}},{"type":"Feature","geometry":{"type":"Point","coordinates":[2.68276,49.33742]},"properties":{"libelle":"Chevrières"}},{"type":"Feature","geometry":{"type":"Point","coordinates":[3.70779,50.26843]},"properties":{"libelle":"Gommegnies"}},{"type":"Feature","geometry":{"type":"Point","coordinates":[3.26179,49.7803]},"properties":{"libelle":"Essigny-le-Grand"}},{"type":"Feature","geometry":{"type":"Point","coordinates":[3.69208,49.70272]},"properties":{"libelle":"Dercy-Froidmont"}},{"type":"Feature","geometry":{"type":"Point","coordinates":[2.60281,49.30998]},"properties":{"libelle":"Pont-Ste-Maxence"}},{"type":"Feature","geometry":{"type":"Point","coordinates":[2.32657,49.32055]},"properties":{"libelle":"Mouy-Bury"}},{"type":"Feature","geometry":{"type":"Point","coordinates":[4.07055,50.24942]},"properties":{"libelle":"Colleret"}},{"type":"Feature","geometry":{"type":"Point","coordinates":[2.79721,49.73971]},"properties":{"libelle":"Fresnoy-lès-Roye"}},{"type":"Feature","geometry":{"type":"Point","coordinates":[2.35449,48.89844]},"properties":{"libelle":"Paris-La Chapelle"}},{"type":"Feature","geometry":{"type":"Point","coordinates":[2.05073,48.86663]},"properties":{"libelle":"St-Nom-la-Bretêche-Forêt-de-Marly"}},{"type":"Feature","geometry":{"type":"Point","coordinates":[2.60633,49.52577]},"properties":{"libelle":"Ménévillers"}},{"type":"Feature","geometry":{"type":"Point","coordinates":[1.76482,48.81043]},"properties":{"libelle":"Garancières-la-Queue"}},{"type":"Feature","geometry":{"type":"Point","coordinates":[3.00593,49.57687]},"properties":{"libelle":"Noyon"}},{"type":"Feature","geometry":{"type":"Point","coordinates":[2.92487,50.43755]},"properties":{"libelle":"Harnes-Halte"}},{"type":"Feature","geometry":{"type":"Point","coordinates":[2.46362,48.82004]},"properties":{"libelle":"Joinville-le-Pont"}},{"type":"Feature","geometry":{"type":"Point","coordinates":[2.29188,48.8182]},"properties":{"libelle":"Vanves-Malakoff"}},{"type":"Feature","geometry":{"type":"Point","coordinates":[2.39144,48.95474]},"properties":{"libelle":"Stains-Cerisaie TT"}},{"type":"Feature","geometry":{"type":"Point","coordinates":[2.47729,48.8944]},"properties":{"libelle":"Bondy"}},{"type":"Feature","geometry":{"type":"Point","coordinates":[2.20722,49.19441]},"properties":{"libelle":"Bornel-Belle-Église"}},{"type":"Feature","geometry":{"type":"Point","coordinates":[2.88354,48.75454]},"properties":{"libelle":"La Houssaye-Crèvecoeur"}},{"type":"Feature","geometry":{"type":"Point","coordinates":[3.78056,50.29691]},"properties":{"libelle":"Bavay"}},{"type":"Feature","geometry":{"type":"Point","coordinates":[3.21932,50.31964]},"properties":{"libelle":"Azincourt-Garage"}},{"type":"Feature","geometry":{"type":"Point","coordinates":[1.2587,49.89891]},"properties":{"libelle":"Envermeu"}},{"type":"Feature","geometry":{"type":"Point","coordinates":[3.27069,49.18722]},"properties":{"libelle":"Neuilly-St-Front"}},{"type":"Feature","geometry":{"type":"Point","coordinates":[2.07274,48.79861]},"properties":{"libelle":"St-Cyr"}},{"type":"Feature","geometry":{"type":"Point","coordinates":[2.38053,48.68843]},"properties":{"libelle":"Juvisy"}},{"type":"Feature","geometry":{"type":"Point","coordinates":[4.09273,49.98539]},"properties":{"libelle":"Anor"}},{"type":"Feature","geometry":{"type":"Point","coordinates":[2.41827,49.21443]},"properties":{"libelle":"St-Leu-d'Esserent"}},{"type":"Feature","geometry":{"type":"Point","coordinates":[2.36704,48.8405]},"properties":{"libelle":"Paris-Austerlitz-Souterrain"}},{"type":"Feature","geometry":{"type":"Point","coordinates":[2.01232,49.48719]},"properties":{"libelle":"Herchies"}},{"type":"Feature","geometry":{"type":"Point","coordinates":[2.58271,48.87415]},"properties":{"libelle":"Chelles-Gournay"}},{"type":"Feature","geometry":{"type":"Point","coordinates":[3.27639,50.19237]},"properties":{"libelle":"Escaudoeuvres"}},{"type":"Feature","geometry":{"type":"Point","coordinates":[1.71602,48.9834]},"properties":{"libelle":"Mantes-Station"}},{"type":"Feature","geometry":{"type":"Point","coordinates":[3.57662,50.34047]},"properties":{"libelle":"Saultain"}},{"type":"Feature","geometry":{"type":"Point","coordinates":[2.24141,49.13552]},"properties":{"libelle":"Champagne-sur-Oise"}},{"type":"Feature","geometry":{"type":"Point","coordinates":[2.35662,48.88105]},"properties":{"libelle":"Paris-Nord-Souterraine"}},{"type":"Feature","geometry":{"type":"Point","coordinates":[2.32855,48.85993]},"properties":{"libelle":"Musée-d'Orsay"}},{"type":"Feature","geometry":{"type":"Point","coordinates":[3.58409,49.93449]},"properties":{"libelle":"Grand-Verly-Vadencourt"}},{"type":"Feature","geometry":{"type":"Point","coordinates":[3.67786,49.66977]},"properties":{"libelle":"Barenton-Cohartille"}},{"type":"Feature","geometry":{"type":"Point","coordinates":[3.29772,48.78217]},"properties":{"libelle":"La Ferté-Gaucher"}},{"type":"Feature","geometry":{"type":"Point","coordinates":[1.87344,49.26118]},"properties":{"libelle":"Chaumont-en-Vexin"}},{"type":"Feature","geometry":{"type":"Point","coordinates":[2.30188,48.95426]},"properties":{"libelle":"Épinay-sur-Seine TT"}},{"type":"Feature","geometry":{"type":"Point","coordinates":[2.69047,48.7704]},"properties":{"libelle":"Ozoir-la-Ferrière"}},{"type":"Feature","geometry":{"type":"Point","coordinates":[2.36028,49.27149]},"properties":{"libelle":"Cires-lès-Mello"}},{"type":"Feature","geometry":{"type":"Point","coordinates":[1.64902,50.41324]},"properties":{"libelle":"Rang-du-Fliers-Verton"}},{"type":"Feature","geometry":{"type":"Point","coordinates":[1.76909,50.46632]},"properties":{"libelle":"Montreuil-sur-Mer"}},{"type":"Feature","geometry":{"type":"Point","coordinates":[1.37791,48.84301]},"properties":{"libelle":"Croth-Sorel"}},{"type":"Feature","geometry":{"type":"Point","coordinates":[2.78192,48.66559]},"properties":{"libelle":"Ozouer-le-Voulgis"}},{"type":"Feature","geometry":{"type":"Point","coordinates":[3.09045,50.37185]},"properties":{"libelle":"Douai"}},{"type":"Feature","geometry":{"type":"Point","coordinates":[2.7458,49.31996]},"properties":{"libelle":"Verberie"}},{"type":"Feature","geometry":{"type":"Point","coordinates":[1.69456,49.53537]},"properties":{"libelle":"Gancourt-St-Étienne"}},{"type":"Feature","geometry":{"type":"Point","coordinates":[2.82731,50.42694]},"properties":{"libelle":"Lens"}},{"type":"Feature","geometry":{"type":"Point","coordinates":[3.35704,49.40376]},"properties":{"libelle":"Crouy"}},{"type":"Feature","geometry":{"type":"Point","coordinates":[1.99196,48.76991]},"properties":{"libelle":"Trappes-Marchandises"}},{"type":"Feature","geometry":{"type":"Point","coordinates":[2.49819,50.35702]},"properties":{"libelle":"Tincques"}},{"type":"Feature","geometry":{"type":"Point","coordinates":[2.2397,48.8192]},"properties":{"libelle":"Le Bas-Meudon"}},{"type":"Feature","geometry":{"type":"Point","coordinates":[2.61754,48.8064]},"properties":{"libelle":"Émerainville-Pontault-Combault"}},{"type":"Feature","geometry":{"type":"Point","coordinates":[2.24076,49.16335]},"properties":{"libelle":"Chambly"}},{"type":"Feature","geometry":{"type":"Point","coordinates":[2.47301,48.80596]},"properties":{"libelle":"St-Maur-Créteil"}},{"type":"Feature","geometry":{"type":"Point","coordinates":[1.75636,49.76496]},"properties":{"libelle":"Aumale"}},{"type":"Feature","geometry":{"type":"Point","coordinates":[2.66521,48.99147]},"properties":{"libelle":"Compans"}},{"type":"Feature","geometry":{"type":"Point","coordinates":[4.18379,49.19872]},"properties":{"libelle":"Prunay"}},{"type":"Feature","geometry":{"type":"Point","coordinates":[3.69315,50.0079]},"properties":{"libelle":"Boué"}},{"type":"Feature","geometry":{"type":"Point","coordinates":[2.22158,49.02528]},"properties":{"libelle":"Taverny"}},{"type":"Feature","geometry":{"type":"Point","coordinates":[3.22179,49.61018]},"properties":{"libelle":"Chauny"}},{"type":"Feature","geometry":{"type":"Point","coordinates":[1.49564,49.69622]},"properties":{"libelle":"Nesle-St-Saire"}},{"type":"Feature","geometry":{"type":"Point","coordinates":[2.93686,50.45622]},"properties":{"libelle":"Courrières"}},{"type":"Feature","geometry":{"type":"Point","coordinates":[2.2309,48.95026]},"properties":{"libelle":"Val-d'Argenteuil"}},{"type":"Feature","geometry":{"type":"Point","coordinates":[3.51784,50.38631]},"properties":{"libelle":"La Bleuse-Borne"}},{"type":"Feature","geometry":{"type":"Point","coordinates":[2.39809,49.84648]},"properties":{"libelle":"Boves"}},{"type":"Feature","geometry":{"type":"Point","coordinates":[2.83864,49.81955]},"properties":{"libelle":"Hyencourt-le-Grand"}},{"type":"Feature","geometry":{"type":"Point","coordinates":[2.66043,50.50013]},"properties":{"libelle":"Verquigneul"}},{"type":"Feature","geometry":{"type":"Point","coordinates":[3.81059,49.80289]},"properties":{"libelle":"St-Gobert-Rougeries"}},{"type":"Feature","geometry":{"type":"Point","coordinates":[2.547,48.6687]},"properties":{"libelle":"Combs-la-Ville-Quincy"}},{"type":"Feature","geometry":{"type":"Point","coordinates":[2.37565,48.84431]},"properties":{"libelle":"Paris-Gare-de-Lyon"}},{"type":"Feature","geometry":{"type":"Point","coordinates":[3.17853,49.59677]},"properties":{"libelle":"Abbecourt"}},{"type":"Feature","geometry":{"type":"Point","coordinates":[4.08558,50.296]},"properties":{"libelle":"Jeumont"}},{"type":"Feature","geometry":{"type":"Point","coordinates":[3.15212,48.81431]},"properties":{"libelle":"Chailly-Boissy-Le Châtel"}},{"type":"Feature","geometry":{"type":"Point","coordinates":[2.52149,49.86264]},"properties":{"libelle":"Villers-Bretonneux"}},{"type":"Feature","geometry":{"type":"Point","coordinates":[1.73179,49.38648]},"properties":{"libelle":"Amécourt-Talmontier"}},{"type":"Feature","geometry":{"type":"Point","coordinates":[2.56138,50.52363]},"properties":{"libelle":"La Beuvrière"}},{"type":"Feature","geometry":{"type":"Point","coordinates":[2.10554,49.80817]},"properties":{"libelle":"Namps-Quevauvillers"}},{"type":"Feature","geometry":{"type":"Point","coordinates":[2.30485,48.82859]},"properties":{"libelle":"Ouest-Ceinture"}},{"type":"Feature","geometry":{"type":"Point","coordinates":[2.07312,48.79886]},"properties":{"libelle":"St-Cyr"}},{"type":"Feature","geometry":{"type":"Point","coordinates":[3.09094,50.37294]},"properties":{"libelle":"Douai"}},{"type":"Feature","geometry":{"type":"Point","coordinates":[3.02015,50.51517]},"properties":{"libelle":"Phalempin"}},{"type":"Feature","geometry":{"type":"Point","coordinates":[1.53718,50.05874]},"properties":{"libelle":"Woincourt"}},{"type":"Feature","geometry":{"type":"Point","coordinates":[3.22993,49.27257]},"properties":{"libelle":"Longpont"}},{"type":"Feature","geometry":{"type":"Point","coordinates":[4.28018,49.41899]},"properties":{"libelle":"Le Châtelet"}},{"type":"Feature","geometry":{"type":"Point","coordinates":[3.78044,50.29673]},"properties":{"libelle":"Bavay"}},{"type":"Feature","geometry":{"type":"Point","coordinates":[2.50496,48.75322]},"properties":{"libelle":"Boissy-St-Léger"}},{"type":"Feature","geometry":{"type":"Point","coordinates":[2.31582,48.96687]},"properties":{"libelle":"La Barre-Ormesson"}},{"type":"Feature","geometry":{"type":"Point","coordinates":[2.40025,48.89807]},"properties":{"libelle":"Pantin"}},{"type":"Feature","geometry":{"type":"Point","coordinates":[2.98176,50.36997]},"properties":{"libelle":"Quiéry-la-Motte"}},{"type":"Feature","geometry":{"type":"Point","coordinates":[1.89966,50.04617]},"properties":{"libelle":"Pont-Remy"}},{"type":"Feature","geometry":{"type":"Point","coordinates":[1.50154,50.01462]},"properties":{"libelle":"Incheville"}},{"type":"Feature","geometry":{"type":"Point","coordinates":[1.7745,49.68553]},"properties":{"libelle":"Abancourt"}},{"type":"Feature","geometry":{"type":"Point","coordinates":[2.14175,49.06913]},"properties":{"libelle":"Chaponval"}},{"type":"Feature","geometry":{"type":"Point","coordinates":[1.78032,49.72823]},"properties":{"libelle":"Gourchelles"}},{"type":"Feature","geometry":{"type":"Point","coordinates":[1.79676,49.71029]},"properties":{"libelle":"Romescamps"}},{"type":"Feature","geometry":{"type":"Point","coordinates":[2.69969,49.21819]},"properties":{"libelle":"Barbery"}},{"type":"Feature","geometry":{"type":"Point","coordinates":[2.07904,48.8808]},"properties":{"libelle":"Mareil-Marly"}},{"type":"Feature","geometry":{"type":"Point","coordinates":[2.30552,48.82892]},"properties":{"libelle":"Ouest-Ceinture"}},{"type":"Feature","geometry":{"type":"Point","coordinates":[2.78185,50.28647]},"properties":{"libelle":"Arras"}},{"type":"Feature","geometry":{"type":"Point","coordinates":[2.64401,50.0056]},"properties":{"libelle":"Albert"}},{"type":"Feature","geometry":{"type":"Point","coordinates":[1.77521,49.68608]},"properties":{"libelle":"Abancourt"}},{"type":"Feature","geometry":{"type":"Point","coordinates":[2.07846,48.81441]},"properties":{"libelle":"Allée Royale"}},{"type":"Feature","geometry":{"type":"Point","coordinates":[2.04437,48.78737]},"properties":{"libelle":"St-Quentin-en-Yvelines"}},{"type":"Feature","geometry":{"type":"Point","coordinates":[3.68577,50.23638]},"properties":{"libelle":"Jolimetz-Herbignies"}},{"type":"Feature","geometry":{"type":"Point","coordinates":[2.75311,49.35929]},"properties":{"libelle":"Le Meux-la-Croix-St-Ouen"}},{"type":"Feature","geometry":{"type":"Point","coordinates":[2.31486,48.89402]},"properties":{"libelle":"Porte-de-Clichy"}},{"type":"Feature","geometry":{"type":"Point","coordinates":[2.88141,49.47525]},"properties":{"libelle":"Thourotte"}},{"type":"Feature","geometry":{"type":"Point","coordinates":[2.04502,48.78781]},"properties":{"libelle":"St-Quentin-en-Yvelines"}},{"type":"Feature","geometry":{"type":"Point","coordinates":[3.62591,50.10266]},"properties":{"libelle":"Ors"}},{"type":"Feature","geometry":{"type":"Point","coordinates":[2.40973,48.78103]},"properties":{"libelle":"Les Ardoines"}},{"type":"Feature","geometry":{"type":"Point","coordinates":[4.14416,49.20334]},"properties":{"libelle":"Sillery"}},{"type":"Feature","geometry":{"type":"Point","coordinates":[2.02504,49.0758]},"properties":{"libelle":"Boissy-l'Aillerie"}},{"type":"Feature","geometry":{"type":"Point","coordinates":[2.12902,48.80026]},"properties":{"libelle":"Versailles-Rive-Gauche"}},{"type":"Feature","geometry":{"type":"Point","coordinates":[2.66144,50.23914]},"properties":{"libelle":"Beaumetz-Rivière"}},{"type":"Feature","geometry":{"type":"Point","coordinates":[1.34184,48.8227]},"properties":{"libelle":"Marcilly-sur-Eure"}},{"type":"Feature","geometry":{"type":"Point","coordinates":[2.00306,50.0113]},"properties":{"libelle":"Longpré-les-Corps-Saints"}},{"type":"Feature","geometry":{"type":"Point","coordinates":[3.44254,49.98788]},"properties":{"libelle":"Bohain"}},{"type":"Feature","geometry":{"type":"Point","coordinates":[3.23073,49.60436]},"properties":{"libelle":"Chauny"}},{"type":"Feature","geometry":{"type":"Point","coordinates":[3.94605,50.1198]},"properties":{"libelle":"Avesnelles"}},{"type":"Feature","geometry":{"type":"Point","coordinates":[3.48623,50.18133]},"properties":{"libelle":"Solesme"}},{"type":"Feature","geometry":{"type":"Point","coordinates":[3.04486,49.40063]},"properties":{"libelle":"Attichy"}},{"type":"Feature","geometry":{"type":"Point","coordinates":[2.31258,48.74791]},"properties":{"libelle":"Chemin-d'Antony"}},{"type":"Feature","geometry":{"type":"Point","coordinates":[3.50187,50.31181]},"properties":{"libelle":"Maing-Famars"}},{"type":"Feature","geometry":{"type":"Point","coordinates":[4.02413,49.89063]},"properties":{"libelle":"Origny-en-Thiérache"}},{"type":"Feature","geometry":{"type":"Point","coordinates":[2.85424,48.88268]},"properties":{"libelle":"Couilly-St-Germain"}},{"type":"Feature","geometry":{"type":"Point","coordinates":[3.38076,50.19116]},"properties":{"libelle":"Avesnes-lès-Aubert"}},{"type":"Feature","geometry":{"type":"Point","coordinates":[1.9215,48.74374]},"properties":{"libelle":"Coignières"}},{"type":"Feature","geometry":{"type":"Point","coordinates":[2.19992,49.38168]},"properties":{"libelle":"Montreuil-sur-Thérain"}},{"type":"Feature","geometry":{"type":"Point","coordinates":[2.78655,49.705]},"properties":{"libelle":"Roye (Somme)"}},{"type":"Feature","geometry":{"type":"Point","coordinates":[1.83148,50.44705]},"properties":{"libelle":"Brimeux"}},{"type":"Feature","geometry":{"type":"Point","coordinates":[2.39025,48.83655]},"properties":{"libelle":"Paris-Bercy-Charolais"}},{"type":"Feature","geometry":{"type":"Point","coordinates":[2.25295,50.11591]},"properties":{"libelle":"Fienvillers-Candas"}},{"type":"Feature","geometry":{"type":"Point","coordinates":[2.41709,50.4548]},"properties":{"libelle":"Bours"}},{"type":"Feature","geometry":{"type":"Point","coordinates":[1.90568,49.22027]},"properties":{"libelle":"Liancourt-St-Pierre"}},{"type":"Feature","geometry":{"type":"Point","coordinates":[3.41747,48.78357]},"properties":{"libelle":"Meilleray"}},{"type":"Feature","geometry":{"type":"Point","coordinates":[3.29647,49.8395]},"properties":{"libelle":"St-Quentin"}},{"type":"Feature","geometry":{"type":"Point","coordinates":[3.85303,50.16473]},"properties":{"libelle":"Monceau-St-Waast"}},{"type":"Feature","geometry":{"type":"Point","coordinates":[2.31448,48.88774]},"properties":{"libelle":"Pont-Cardinet"}},{"type":"Feature","geometry":{"type":"Point","coordinates":[1.22452,49.23432]},"properties":{"libelle":"St-Pierre-du-Vauvray"}},{"type":"Feature","geometry":{"type":"Point","coordinates":[2.25726,48.94745]},"properties":{"libelle":"Argenteuil"}},{"type":"Feature","geometry":{"type":"Point","coordinates":[2.4552,49.37795]},"properties":{"libelle":"Breuil-le-Sec"}},{"type":"Feature","geometry":{"type":"Point","coordinates":[3.9403,49.66223]},"properties":{"libelle":"Clermont-les-Fermes"}},{"type":"Feature","geometry":{"type":"Point","coordinates":[2.36276,49.16704]},"properties":{"libelle":"Boran-sur-Oise"}},{"type":"Feature","geometry":{"type":"Point","coordinates":[3.03186,49.02179]},"properties":{"libelle":"Lizy-sur-Ourcq"}},{"type":"Feature","geometry":{"type":"Point","coordinates":[3.27368,48.79072]},"properties":{"libelle":"Jouy-sur-Morin-Le Marais"}},{"type":"Feature","geometry":{"type":"Point","coordinates":[3.23069,50.50653]},"properties":{"libelle":"Nomain-Ouvignies"}},{"type":"Feature","geometry":{"type":"Point","coordinates":[2.25788,48.94685]},"properties":{"libelle":"Argenteuil"}},{"type":"Feature","geometry":{"type":"Point","coordinates":[3.48577,49.8387]},"properties":{"libelle":"Origny-Ste-Benoite"}},{"type":"Feature","geometry":{"type":"Point","coordinates":[2.04498,48.78778]},"properties":{"libelle":"St-Quentin-en-Yvelines"}},{"type":"Feature","geometry":{"type":"Point","coordinates":[2.55811,50.35389]},"properties":{"libelle":"Savy-Berlette"}},{"type":"Feature","geometry":{"type":"Point","coordinates":[2.51242,48.96311]},"properties":{"libelle":"Villepinte"}},{"type":"Feature","geometry":{"type":"Point","coordinates":[3.87538,49.06207]},"properties":{"libelle":"Damery-Boursault"}},{"type":"Feature","geometry":{"type":"Point","coordinates":[2.86426,49.78212]},"properties":{"libelle":"Curchy-Dreslincourt"}},{"type":"Feature","geometry":{"type":"Point","coordinates":[3.84193,49.63748]},"properties":{"libelle":"Chivres-en-Laonnois"}},{"type":"Feature","geometry":{"type":"Point","coordinates":[2.13654,49.28804]},"properties":{"libelle":"Laboissière-le-Déluge"}},{"type":"Feature","geometry":{"type":"Point","coordinates":[2.27879,49.14828]},"properties":{"libelle":"Persan-Beaumont"}},{"type":"Feature","geometry":{"type":"Point","coordinates":[2.05981,48.98696]},"properties":{"libelle":"Maurecourt"}},{"type":"Feature","geometry":{"type":"Point","coordinates":[1.6572,50.08249]},"properties":{"libelle":"Acheux-Franleu"}},{"type":"Feature","geometry":{"type":"Point","coordinates":[3.84277,50.1968]},"properties":{"libelle":"Aulnoye-Aymeries"}},{"type":"Feature","geometry":{"type":"Point","coordinates":[1.92022,49.00679]},"properties":{"libelle":"Thun-le-Paradis"}},{"type":"Feature","geometry":{"type":"Point","coordinates":[4.00168,50.27227]},"properties":{"libelle":"Rousies"}},{"type":"Feature","geometry":{"type":"Point","coordinates":[1.78556,48.97925]},"properties":{"libelle":"Issou-Porcheville"}},{"type":"Feature","geometry":{"type":"Point","coordinates":[1.41787,50.05402]},"properties":{"libelle":"Eu"}},{"type":"Feature","geometry":{"type":"Point","coordinates":[2.05156,48.92719]},"properties":{"libelle":"Poissy-Grande-Ceinture"}},{"type":"Feature","geometry":{"type":"Point","coordinates":[1.34594,48.70333]},"properties":{"libelle":"Garnay"}},{"type":"Feature","geometry":{"type":"Point","coordinates":[4.37928,49.05617]},"properties":{"libelle":"St-Hilaire-au-Temple"}},{"type":"Feature","geometry":{"type":"Point","coordinates":[2.35837,48.88034]},"properties":{"libelle":"Magenta"}},{"type":"Feature","geometry":{"type":"Point","coordinates":[3.44318,50.49695]},"properties":{"libelle":"Maulde-Mortagne"}},{"type":"Feature","geometry":{"type":"Point","coordinates":[2.68066,49.00863]},"properties":{"libelle":"Thieux-Nantouillet"}},{"type":"Feature","geometry":{"type":"Point","coordinates":[2.52559,49.09954]},"properties":{"libelle":"Survilliers-Fosses"}},{"type":"Feature","geometry":{"type":"Point","coordinates":[2.98663,50.43203]},"properties":{"libelle":"Dourges"}},{"type":"Feature","geometry":{"type":"Point","coordinates":[1.62621,49.93241]},"properties":{"libelle":"Blangy-sur-Bresle"}},{"type":"Feature","geometry":{"type":"Point","coordinates":[3.27085,49.69157]},"properties":{"libelle":"Mennessis"}},{"type":"Feature","geometry":{"type":"Point","coordinates":[2.25993,48.84829]},"properties":{"libelle":"Auteuil-Boulogne"}},{"type":"Feature","geometry":{"type":"Point","coordinates":[2.62012,49.65232]},"properties":{"libelle":"Faverolles"}},{"type":"Feature","geometry":{"type":"Point","coordinates":[2.95367,49.53371]},"properties":{"libelle":"Ourscamps"}},{"type":"Feature","geometry":{"type":"Point","coordinates":[2.95215,50.41677]},"properties":{"libelle":"Hénin-Beaumont"}},{"type":"Feature","geometry":{"type":"Point","coordinates":[2.30276,49.15348]},"properties":{"libelle":"Bernes"}},{"type":"Feature","geometry":{"type":"Point","coordinates":[4.42153,48.87764]},"properties":{"libelle":"Mairy-sur-Marne"}},{"type":"Feature","geometry":{"type":"Point","coordinates":[2.43078,48.91058]},"properties":{"libelle":"Bobigny"}},{"type":"Feature","geometry":{"type":"Point","coordinates":[3.15881,50.54947]},"properties":{"libelle":"Ennevelin"}},{"type":"Feature","geometry":{"type":"Point","coordinates":[2.74387,48.69638]},"properties":{"libelle":"Villepatour-Presles"}},{"type":"Feature","geometry":{"type":"Point","coordinates":[3.57673,49.29682]},"properties":{"libelle":"Mont-Notre-Dame"}},{"type":"Feature","geometry":{"type":"Point","coordinates":[2.10767,49.04543]},"properties":{"libelle":"St-Ouen-l'Aumône"}},{"type":"Feature","geometry":{"type":"Point","coordinates":[1.95571,49.57015]},"properties":{"libelle":"Marseille-en-Beauvaisis"}},{"type":"Feature","geometry":{"type":"Point","coordinates":[2.69301,49.38384]},"properties":{"libelle":"Canly-Grand-Fresnoy"}},{"type":"Feature","geometry":{"type":"Point","coordinates":[1.24828,49.5237]},"properties":{"libelle":"Morgny"}},{"type":"Feature","geometry":{"type":"Point","coordinates":[2.3914,49.60705]},"properties":{"libelle":"Chepoix"}},{"type":"Feature","geometry":{"type":"Point","coordinates":[3.98263,49.86007]},"properties":{"libelle":"La Bouteille"}},{"type":"Feature","geometry":{"type":"Point","coordinates":[2.20501,49.07724]},"properties":{"libelle":"Mériel"}},{"type":"Feature","geometry":{"type":"Point","coordinates":[2.38856,48.82888]},"properties":{"libelle":"Paris-Bercy-Rapée"}},{"type":"Feature","geometry":{"type":"Point","coordinates":[1.72528,50.11929]},"properties":{"libelle":"Cahon"}},{"type":"Feature","geometry":{"type":"Point","coordinates":[2.42046,48.84443]},"properties":{"libelle":"St-Mandé"}},{"type":"Feature","geometry":{"type":"Point","coordinates":[2.35064,48.6744]},"properties":{"libelle":"Savigny-sur-Orge"}},{"type":"Feature","geometry":{"type":"Point","coordinates":[2.08112,50.01742]},"properties":{"libelle":"Flixecourt"}},{"type":"Feature","geometry":{"type":"Point","coordinates":[2.0072,48.77502]},"properties":{"libelle":"Trappes"}},{"type":"Feature","geometry":{"type":"Point","coordinates":[1.25009,49.61764]},"properties":{"libelle":"Critot"}},{"type":"Feature","geometry":{"type":"Point","coordinates":[2.50068,49.91212]},"properties":{"libelle":"Corbie"}},{"type":"Feature","geometry":{"type":"Point","coordinates":[3.48904,50.33157]},"properties":{"libelle":"Trith-St-Léger"}},{"type":"Feature","geometry":{"type":"Point","coordinates":[2.09097,49.60722]},"properties":{"libelle":"Crèvecoeur-le-Grand"}},{"type":"Feature","geometry":{"type":"Point","coordinates":[3.3887,50.33465]},"properties":{"libelle":"Denain"}},{"type":"Feature","geometry":{"type":"Point","coordinates":[1.32041,49.79562]},"properties":{"libelle":"Osmoy"}},{"type":"Feature","geometry":{"type":"Point","coordinates":[2.25788,48.94685]},"properties":{"libelle":"Argenteuil"}},{"type":"Feature","geometry":{"type":"Point","coordinates":[4.02443,49.25947]},"properties":{"libelle":"Reims"}},{"type":"Feature","geometry":{"type":"Point","coordinates":[2.31634,50.13619]},"properties":{"libelle":"Gezaincourt"}},{"type":"Feature","geometry":{"type":"Point","coordinates":[2.54263,48.82312]},"properties":{"libelle":"Villiers-sur-Marne-Le Plessis-Trévise"}},{"type":"Feature","geometry":{"type":"Point","coordinates":[1.72282,50.49183]},"properties":{"libelle":"Beutin"}},{"type":"Feature","geometry":{"type":"Point","coordinates":[3.00914,49.91687]},"properties":{"libelle":"Cartigny"}},{"type":"Feature","geometry":{"type":"Point","coordinates":[1.91356,49.75234]},"properties":{"libelle":"Ste-Segrée"}},{"type":"Feature","geometry":{"type":"Point","coordinates":[1.87755,48.81528]},"properties":{"libelle":"Villiers-Neauphle-Pontchartrain"}},{"type":"Feature","geometry":{"type":"Point","coordinates":[2.17152,48.80057]},"properties":{"libelle":"Viroflay-Rive-Gauche"}},{"type":"Feature","geometry":{"type":"Point","coordinates":[2.26398,48.97035]},"properties":{"libelle":"Sannois"}},{"type":"Feature","geometry":{"type":"Point","coordinates":[1.77656,49.31596]},"properties":{"libelle":"Éragny-Bazincourt"}},{"type":"Feature","geometry":{"type":"Point","coordinates":[1.60081,48.96643]},"properties":{"libelle":"Ménerville"}},{"type":"Feature","geometry":{"type":"Point","coordinates":[3.63446,49.79229]},"properties":{"libelle":"Faucouzy-Monceau"}},{"type":"Feature","geometry":{"type":"Point","coordinates":[2.79396,49.14242]},"properties":{"libelle":"Nanteuil-le-Haudouin"}},{"type":"Feature","geometry":{"type":"Point","coordinates":[4.18799,49.01172]},"properties":{"libelle":"Jalons-les-Vignes"}},{"type":"Feature","geometry":{"type":"Point","coordinates":[2.64237,48.97581]},"properties":{"libelle":"Mitry-Claye"}},{"type":"Feature","geometry":{"type":"Point","coordinates":[2.26459,49.9096]},"properties":{"libelle":"Montières"}},{"type":"Feature","geometry":{"type":"Point","coordinates":[1.53935,49.63063]},"properties":{"libelle":"Serqueux"}},{"type":"Feature","geometry":{"type":"Point","coordinates":[2.32447,48.9067]},"properties":{"libelle":"Boulevard-Victor-Hugo"}},{"type":"Feature","geometry":{"type":"Point","coordinates":[3.34791,50.45656]},"properties":{"libelle":"Rosult"}},{"type":"Feature","geometry":{"type":"Point","coordinates":[3.05973,50.4275]},"properties":{"libelle":"Leforest"}},{"type":"Feature","geometry":{"type":"Point","coordinates":[2.31473,48.88787]},"properties":{"libelle":"Pont-Cardinet"}},{"type":"Feature","geometry":{"type":"Point","coordinates":[2.51201,48.8248]},"properties":{"libelle":"Les Boullereaux-Champigny"}},{"type":"Feature","geometry":{"type":"Point","coordinates":[3.18992,49.71886]},"properties":{"libelle":"Flavy-le-Martel"}},{"type":"Feature","geometry":{"type":"Point","coordinates":[3.20466,50.23077]},"properties":{"libelle":"Sancourt"}},{"type":"Feature","geometry":{"type":"Point","coordinates":[2.25924,49.16093]},"properties":{"libelle":"Moulin-Neuf (Oise)"}},{"type":"Feature","geometry":{"type":"Point","coordinates":[2.31407,48.92012]},"properties":{"libelle":"Les Grésillons"}},{"type":"Feature","geometry":{"type":"Point","coordinates":[1.65401,49.13635]},"properties":{"libelle":"Bray-Ecos"}},{"type":"Feature","geometry":{"type":"Point","coordinates":[3.36474,48.99196]},"properties":{"libelle":"Chézy-sur-Marne"}},{"type":"Feature","geometry":{"type":"Point","coordinates":[2.37565,48.84431]},"properties":{"libelle":"Paris-Gare-de-Lyon-Souterrain"}},{"type":"Feature","geometry":{"type":"Point","coordinates":[3.41283,48.65019]},"properties":{"libelle":"Villiers-St-Georges"}},{"type":"Feature","geometry":{"type":"Point","coordinates":[3.76968,49.74721]},"properties":{"libelle":"Marle-sur-Serre"}},{"type":"Feature","geometry":{"type":"Point","coordinates":[3.50298,50.33181]},"properties":{"libelle":"Le Poirier-Université"}},{"type":"Feature","geometry":{"type":"Point","coordinates":[3.39983,49.9223]},"properties":{"libelle":"Croix-Fonsommes"}},{"type":"Feature","geometry":{"type":"Point","coordinates":[3.45633,50.06737]},"properties":{"libelle":"Maurois"}},{"type":"Feature","geometry":{"type":"Point","coordinates":[2.45619,48.93259]},"properties":{"libelle":"Drancy"}},{"type":"Feature","geometry":{"type":"Point","coordinates":[2.3611,49.09799]},"properties":{"libelle":"Belloy-St-Martin"}},{"type":"Feature","geometry":{"type":"Point","coordinates":[2.20188,50.01259]},"properties":{"libelle":"Vignacourt"}},{"type":"Feature","geometry":{"type":"Point","coordinates":[1.71891,49.42011]},"properties":{"libelle":"Neufmarché"}},{"type":"Feature","geometry":{"type":"Point","coordinates":[2.22676,49.86257]},"properties":{"libelle":"Saleux"}},{"type":"Feature","geometry":{"type":"Point","coordinates":[4.02257,48.97592]},"properties":{"libelle":"Avize"}},{"type":"Feature","geometry":{"type":"Point","coordinates":[2.40283,48.7419]},"properties":{"libelle":"Orly-Ville"}},{"type":"Feature","geometry":{"type":"Point","coordinates":[3.51629,50.29841]},"properties":{"libelle":"Quérénaing"}},{"type":"Feature","geometry":{"type":"Point","coordinates":[2.53104,48.68178]},"properties":{"libelle":"Boussy-St-Antoine"}},{"type":"Feature","geometry":{"type":"Point","coordinates":[1.93695,49.1624]},"properties":{"libelle":"Chars"}},{"type":"Feature","geometry":{"type":"Point","coordinates":[3.03214,50.44526]},"properties":{"libelle":"Halte d'Ostricourt"}},{"type":"Feature","geometry":{"type":"Point","coordinates":[2.09717,48.79536]},"properties":{"libelle":"Versailles-Matelots"}},{"type":"Feature","geometry":{"type":"Point","coordinates":[2.63473,49.84502]},"properties":{"libelle":"Guillaucourt"}},{"type":"Feature","geometry":{"type":"Point","coordinates":[1.34544,49.78101]},"properties":{"libelle":"Bures-en-Bray"}},{"type":"Feature","geometry":{"type":"Point","coordinates":[3.29593,49.65645]},"properties":{"libelle":"Tergnier"}},{"type":"Feature","geometry":{"type":"Point","coordinates":[2.25949,48.81997]},"properties":{"libelle":"Issy"}},{"type":"Feature","geometry":{"type":"Point","coordinates":[3.51728,50.02168]},"properties":{"libelle":"Vaux-Andigny-Molain"}},{"type":"Feature","geometry":{"type":"Point","coordinates":[4.02349,49.93007]},"properties":{"libelle":"Ohis-Neuve-Maison"}},{"type":"Feature","geometry":{"type":"Point","coordinates":[3.03518,50.54822]},"properties":{"libelle":"Seclin"}},{"type":"Feature","geometry":{"type":"Point","coordinates":[2.32953,48.66866]},"properties":{"libelle":"Épinay-sur-Orge"}},{"type":"Feature","geometry":{"type":"Point","coordinates":[2.19716,49.04518]},"properties":{"libelle":"Frépillon"}},{"type":"Feature","geometry":{"type":"Point","coordinates":[1.41707,50.05438]},"properties":{"libelle":"Eu"}},{"type":"Feature","geometry":{"type":"Point","coordinates":[2.11935,50.22613]},"properties":{"libelle":"Auxi-le-Château"}},{"type":"Feature","geometry":{"type":"Point","coordinates":[2.90592,48.85947]},"properties":{"libelle":"Crécy-La Chapelle"}},{"type":"Feature","geometry":{"type":"Point","coordinates":[2.26306,48.82921]},"properties":{"libelle":"Issy-Val-de-Seine"}},{"type":"Feature","geometry":{"type":"Point","coordinates":[2.65078,48.79552]},"properties":{"libelle":"Roissy-en-Brie"}},{"type":"Feature","geometry":{"type":"Point","coordinates":[2.01154,49.04813]},"properties":{"libelle":"Cergy-le-Haut"}},{"type":"Feature","geometry":{"type":"Point","coordinates":[3.93867,50.26556]},"properties":{"libelle":"Sous-le-Bois"}},{"type":"Feature","geometry":{"type":"Point","coordinates":[2.39791,49.11885]},"properties":{"libelle":"Seugy"}},{"type":"Feature","geometry":{"type":"Point","coordinates":[2.35256,49.86412]},"properties":{"libelle":"Longueau"}},{"type":"Feature","geometry":{"type":"Point","coordinates":[2.35218,49.86379]},"properties":{"libelle":"Longueau"}},{"type":"Feature","geometry":{"type":"Point","coordinates":[2.88847,49.23122]},"properties":{"libelle":"Crépy-en-Valois"}},{"type":"Feature","geometry":{"type":"Point","coordinates":[2.40042,48.82712]},"properties":{"libelle":"Paris-Bercy-Conflans"}},{"type":"Feature","geometry":{"type":"Point","coordinates":[2.88662,49.23102]},"properties":{"libelle":"Crépy-en-Valois"}},{"type":"Feature","geometry":{"type":"Point","coordinates":[4.349,48.95525]},"properties":{"libelle":"Châlons-en-Champagne"}},{"type":"Feature","geometry":{"type":"Point","coordinates":[1.42531,48.96019]},"properties":{"libelle":"Breuilpont"}},{"type":"Feature","geometry":{"type":"Point","coordinates":[3.56777,49.59721]},"properties":{"libelle":"Besny"}},{"type":"Feature","geometry":{"type":"Point","coordinates":[1.26329,49.81674]},"properties":{"libelle":"St-Vaast-d'Équiqueville"}},{"type":"Feature","geometry":{"type":"Point","coordinates":[2.07927,48.88118]},"properties":{"libelle":"Mareil-Marly TT"}},{"type":"Feature","geometry":{"type":"Point","coordinates":[3.07049,49.73957]},"properties":{"libelle":"Ham"}},{"type":"Feature","geometry":{"type":"Point","coordinates":[2.22668,48.89756]},"properties":{"libelle":"Nanterre La Folie"}},{"type":"Feature","geometry":{"type":"Point","coordinates":[2.50402,49.29033]},"properties":{"libelle":"Les Prés-Roseaux"}},{"type":"Feature","geometry":{"type":"Point","coordinates":[2.28347,49.89314]},"properties":{"libelle":"St-Roch (Somme)"}},{"type":"Feature","geometry":{"type":"Point","coordinates":[2.32296,49.0452]},"properties":{"libelle":"Bouffémont-Moisselles"}},{"type":"Feature","geometry":{"type":"Point","coordinates":[2.47545,49.77709]},"properties":{"libelle":"Moreuil"}},{"type":"Feature","geometry":{"type":"Point","coordinates":[2.36638,48.82473]},"properties":{"libelle":"Paris-Gobelins"}},{"type":"Feature","geometry":{"type":"Point","coordinates":[2.43236,48.78818]},"properties":{"libelle":"Le Vert-de-Maisons"}},{"type":"Feature","geometry":{"type":"Point","coordinates":[2.43714,49.57214]},"properties":{"libelle":"Gannes"}},{"type":"Feature","geometry":{"type":"Point","coordinates":[3.64177,49.07915]},"properties":{"libelle":"Dormans"}},{"type":"Feature","geometry":{"type":"Point","coordinates":[4.13703,49.85577]},"properties":{"libelle":"Martigny-Leuze"}},{"type":"Feature","geometry":{"type":"Point","coordinates":[3.95173,50.26762]},"properties":{"libelle":"Louvroil"}},{"type":"Feature","geometry":{"type":"Point","coordinates":[2.86418,50.41574]},"properties":{"libelle":"Pont-de-Sallaumines"}},{"type":"Feature","geometry":{"type":"Point","coordinates":[2.34696,48.853]},"properties":{"libelle":"St-Michel-Notre-Dame"}},{"type":"Feature","geometry":{"type":"Point","coordinates":[3.46729,49.37033]},"properties":{"libelle":"Ciry-Sermoise"}},{"type":"Feature","geometry":{"type":"Point","coordinates":[3.61488,49.92578]},"properties":{"libelle":"Lesquielles-St-Germain"}},{"type":"Feature","geometry":{"type":"Point","coordinates":[3.85762,49.52676]},"properties":{"libelle":"St-Erme"}},{"type":"Feature","geometry":{"type":"Point","coordinates":[2.04479,49.76771]},"properties":{"libelle":"Famechon"}},{"type":"Feature","geometry":{"type":"Point","coordinates":[3.27918,50.35539]},"properties":{"libelle":"Somain"}},{"type":"Feature","geometry":{"type":"Point","coordinates":[2.24899,49.41505]},"properties":{"libelle":"Bresles"}},{"type":"Feature","geometry":{"type":"Point","coordinates":[1.81559,48.80274]},"properties":{"libelle":"Montfort-l'Amaury-Mère"}},{"type":"Feature","geometry":{"type":"Point","coordinates":[2.92572,48.81051]},"properties":{"libelle":"Dammartin-Tigeaux"}},{"type":"Feature","geometry":{"type":"Point","coordinates":[2.85814,49.23338]},"properties":{"libelle":"Duvy"}},{"type":"Feature","geometry":{"type":"Point","coordinates":[3.21567,50.13381]},"properties":{"libelle":"Rumilly-en-Cambrésis"}},{"type":"Feature","geometry":{"type":"Point","coordinates":[2.51256,48.88914]},"properties":{"libelle":"Le Raincy-Villemomble-Montfermeil"}},{"type":"Feature","geometry":{"type":"Point","coordinates":[2.9108,50.52964]},"properties":{"libelle":"Annoeullin"}},{"type":"Feature","geometry":{"type":"Point","coordinates":[3.43225,49.94971]},"properties":{"libelle":"Fresnoy-le-Grand"}},{"type":"Feature","geometry":{"type":"Point","coordinates":[2.07778,48.97005]},"properties":{"libelle":"Achères-Ville"}},{"type":"Feature","geometry":{"type":"Point","coordinates":[2.06228,48.84128]},"properties":{"libelle":"Noisy-le-Roi TT"}},{"type":"Feature","geometry":{"type":"Point","coordinates":[2.75941,48.73932]},"properties":{"libelle":"Tournan"}},{"type":"Feature","geometry":{"type":"Point","coordinates":[2.41123,48.76374]},"properties":{"libelle":"Choisy-le-Roi"}},{"type":"Feature","geometry":{"type":"Point","coordinates":[2.36704,48.8405]},"properties":{"libelle":"Paris-Austerlitz"}},{"type":"Feature","geometry":{"type":"Point","coordinates":[2.48963,49.28258]},"properties":{"libelle":"Villers-St-Paul"}},{"type":"Feature","geometry":{"type":"Point","coordinates":[2.27358,48.73485]},"properties":{"libelle":"Massy-Verrières"}},{"type":"Feature","geometry":{"type":"Point","coordinates":[2.13706,48.7954]},"properties":{"libelle":"Versailles-Chantiers"}},{"type":"Feature","geometry":{"type":"Point","coordinates":[2.60299,48.95313]},"properties":{"libelle":"Villeparisis"}},{"type":"Feature","geometry":{"type":"Point","coordinates":[4.00976,48.90337]},"properties":{"libelle":"Vertus"}},{"type":"Feature","geometry":{"type":"Point","coordinates":[4.13738,50.24084]},"properties":{"libelle":"Cousolre"}},{"type":"Feature","geometry":{"type":"Point","coordinates":[1.71022,49.29037]},"properties":{"libelle":"Bézu-St-Éloi"}},{"type":"Feature","geometry":{"type":"Point","coordinates":[4.31781,49.1313]},"properties":{"libelle":"Mourmelon-le-Petit"}},{"type":"Feature","geometry":{"type":"Point","coordinates":[2.4011,50.4186]},"properties":{"libelle":"Brias"}},{"type":"Feature","geometry":{"type":"Point","coordinates":[2.84109,50.3353]},"properties":{"libelle":"Bailleul-Sir-Berthoult"}},{"type":"Feature","geometry":{"type":"Point","coordinates":[4.24805,48.80846]},"properties":{"libelle":"Bussy-Lettrée-Vatry"}},{"type":"Feature","geometry":{"type":"Point","coordinates":[4.08497,49.91464]},"properties":{"libelle":"Hirson"}},{"type":"Feature","geometry":{"type":"Point","coordinates":[3.94058,50.26573]},"properties":{"libelle":"Sous-le-Bois"}},{"type":"Feature","geometry":{"type":"Point","coordinates":[2.7346,50.09554]},"properties":{"libelle":"Miraumont"}},{"type":"Feature","geometry":{"type":"Point","coordinates":[4.02286,49.12806]},"properties":{"libelle":"Germaine"}},{"type":"Feature","geometry":{"type":"Point","coordinates":[4.09327,49.9848]},"properties":{"libelle":"Anor"}},{"type":"Feature","geometry":{"type":"Point","coordinates":[1.58959,49.95315]},"properties":{"libelle":"Montchaux-Soreng"}},{"type":"Feature","geometry":{"type":"Point","coordinates":[3.68061,49.57769]},"properties":{"libelle":"Athies-sous-Laon"}},{"type":"Feature","geometry":{"type":"Point","coordinates":[2.42126,49.11758]},"properties":{"libelle":"Luzarches"}},{"type":"Feature","geometry":{"type":"Point","coordinates":[1.7237,49.65473]},"properties":{"libelle":"Formerie"}},{"type":"Feature","geometry":{"type":"Point","coordinates":[2.31617,48.83753]},"properties":{"libelle":"Paris-Vaugirard"}},{"type":"Feature","geometry":{"type":"Point","coordinates":[2.51021,48.80696]},"properties":{"libelle":"Champigny"}},{"type":"Feature","geometry":{"type":"Point","coordinates":[3.53257,49.25418]},"properties":{"libelle":"Loupeigne"}},{"type":"Feature","geometry":{"type":"Point","coordinates":[2.5077,48.77161]},"properties":{"libelle":"Sucy-Bonneuil"}},{"type":"Feature","geometry":{"type":"Point","coordinates":[2.19779,49.00738]},"properties":{"libelle":"Montigny-Beauchamp"}},{"type":"Feature","geometry":{"type":"Point","coordinates":[2.43845,48.74552]},"properties":{"libelle":"Villeneuve-Triage"}},{"type":"Feature","geometry":{"type":"Point","coordinates":[3.39666,49.3675]},"properties":{"libelle":"Venizel"}},{"type":"Feature","geometry":{"type":"Point","coordinates":[2.05077,48.86732]},"properties":{"libelle":"St-Nom-la-Bretêche-Forêt-de-Marly"}},{"type":"Feature","geometry":{"type":"Point","coordinates":[3.59887,50.26674]},"properties":{"libelle":"Ruesnes"}},{"type":"Feature","geometry":{"type":"Point","coordinates":[2.09559,49.04673]},"properties":{"libelle":"Pontoise"}},{"type":"Feature","geometry":{"type":"Point","coordinates":[3.3657,49.89736]},"properties":{"libelle":"Essigny-le-Petit"}},{"type":"Feature","geometry":{"type":"Point","coordinates":[3.18927,50.25087]},"properties":{"libelle":"Fressies"}},{"type":"Feature","geometry":{"type":"Point","coordinates":[2.80506,50.52771]},"properties":{"libelle":"La Bassée"}},{"type":"Feature","geometry":{"type":"Point","coordinates":[2.09815,48.99697]},"properties":{"libelle":"Conflans-Ste-Honorine"}},{"type":"Feature","geometry":{"type":"Point","coordinates":[1.63876,49.58164]},"properties":{"libelle":"Saumont-la-Poterie"}},{"type":"Feature","geometry":{"type":"Point","coordinates":[3.98318,48.81393]},"properties":{"libelle":"Morains-le-Petit"}},{"type":"Feature","geometry":{"type":"Point","coordinates":[2.07506,48.99193]},"properties":{"libelle":"Conflans-Fin-d'Oise"}},{"type":"Feature","geometry":{"type":"Point","coordinates":[4.05646,49.90189]},"properties":{"libelle":"Buire"}},{"type":"Feature","geometry":{"type":"Point","coordinates":[2.17992,48.6973]},"properties":{"libelle":"Orsay-Ville"}},{"type":"Feature","geometry":{"type":"Point","coordinates":[3.20586,50.11883]},"properties":{"libelle":"Masnières"}},{"type":"Feature","geometry":{"type":"Point","coordinates":[3.22027,48.97396]},"properties":{"libelle":"Nanteuil-Saâcy"}},{"type":"Feature","geometry":{"type":"Point","coordinates":[2.66352,50.44014]},"properties":{"libelle":"Hersin-Coupigny"}},{"type":"Feature","geometry":{"type":"Point","coordinates":[2.50209,49.04954]},"properties":{"libelle":"Louvres"}},{"type":"Feature","geometry":{"type":"Point","coordinates":[3.40909,50.11138]},"properties":{"libelle":"Caudry"}},{"type":"Feature","geometry":{"type":"Point","coordinates":[2.99335,48.80857]},"properties":{"libelle":"Faremoutiers-Pommeuse"}},{"type":"Feature","geometry":{"type":"Point","coordinates":[2.34231,48.95995]},"properties":{"libelle":"Villetaneuse-Université TT"}},{"type":"Feature","geometry":{"type":"Point","coordinates":[1.99245,48.824]},"properties":{"libelle":"Villepreux-les-Clayes"}},{"type":"Feature","geometry":{"type":"Point","coordinates":[3.17619,50.52883]},"properties":{"libelle":"Templeuve"}},{"type":"Feature","geometry":{"type":"Point","coordinates":[4.12699,49.01992]},"properties":{"libelle":"Athis-Tours-sur-Marne"}},{"type":"Feature","geometry":{"type":"Point","coordinates":[2.99827,49.40516]},"properties":{"libelle":"Lamotte-Breuil"}},{"type":"Feature","geometry":{"type":"Point","coordinates":[2.79361,50.43785]},"properties":{"libelle":"Loos-en-Gohelle"}},{"type":"Feature","geometry":{"type":"Point","coordinates":[2.27522,48.85645]},"properties":{"libelle":"Boulainvilliers"}},{"type":"Feature","geometry":{"type":"Point","coordinates":[2.27357,49.34022]},"properties":{"libelle":"Heilles-Mouchy"}},{"type":"Feature","geometry":{"type":"Point","coordinates":[2.83392,50.40699]},"properties":{"libelle":"Avion"}},{"type":"Feature","geometry":{"type":"Point","coordinates":[2.31125,48.65208]},"properties":{"libelle":"Ste-Geneviève-des-Bois"}},{"type":"Feature","geometry":{"type":"Point","coordinates":[3.34333,50.311]},"properties":{"libelle":"Lourches"}},{"type":"Feature","geometry":{"type":"Point","coordinates":[4.04352,49.06469]},"properties":{"libelle":"Avenay"}},{"type":"Feature","geometry":{"type":"Point","coordinates":[3.20028,50.2124]},"properties":{"libelle":"Blécourt"}},{"type":"Feature","geometry":{"type":"Point","coordinates":[3.44554,50.03914]},"properties":{"libelle":"Busigny"}},{"type":"Feature","geometry":{"type":"Point","coordinates":[2.07291,48.90328]},"properties":{"libelle":"Lisière Pereire"}},{"type":"Feature","geometry":{"type":"Point","coordinates":[2.34556,48.93511]},"properties":{"libelle":"St-Denis"}},{"type":"Feature","geometry":{"type":"Point","coordinates":[2.50551,48.70051]},"properties":{"libelle":"Brunoy"}},{"type":"Feature","geometry":{"type":"Point","coordinates":[1.26986,48.90556]},"properties":{"libelle":"St-André-de-l'Eure"}},{"type":"Feature","geometry":{"type":"Point","coordinates":[3.20689,50.50237]},"properties":{"libelle":"Nomain"}},{"type":"Feature","geometry":{"type":"Point","coordinates":[2.31968,48.91104]},"properties":{"libelle":"St-Ouen-les-Docks"}},{"type":"Feature","geometry":{"type":"Point","coordinates":[2.18445,48.79955]},"properties":{"libelle":"Chaville-Vélizy"}},{"type":"Feature","geometry":{"type":"Point","coordinates":[1.94026,49.65933]},"properties":{"libelle":"Grandvilliers"}},{"type":"Feature","geometry":{"type":"Point","coordinates":[2.67617,50.07416]},"properties":{"libelle":"Beaucourt-Hamel"}},{"type":"Feature","geometry":{"type":"Point","coordinates":[2.30248,49.628]},"properties":{"libelle":"Breteuil-Ville"}},{"type":"Feature","geometry":{"type":"Point","coordinates":[2.15176,48.79657]},"properties":{"libelle":"Porchefontaine"}},{"type":"Feature","geometry":{"type":"Point","coordinates":[2.86189,49.44195]},"properties":{"libelle":"Choisy-au-Bac"}},{"type":"Feature","geometry":{"type":"Point","coordinates":[2.88409,49.18906]},"properties":{"libelle":"Boissy-Lévignen"}},{"type":"Feature","geometry":{"type":"Point","coordinates":[1.50524,48.91506]},"properties":{"libelle":"Gilles-Guainville"}},{"type":"Feature","geometry":{"type":"Point","coordinates":[2.95486,48.8104]},"properties":{"libelle":"Guérard-La Celle-sur-Morin"}},{"type":"Feature","geometry":{"type":"Point","coordinates":[3.72066,49.72625]},"properties":{"libelle":"Voyenne"}},{"type":"Feature","geometry":{"type":"Point","coordinates":[2.86713,50.54791]},"properties":{"libelle":"Marquillies"}},{"type":"Feature","geometry":{"type":"Point","coordinates":[2.40204,48.71118]},"properties":{"libelle":"Athis-Mons"}},{"type":"Feature","geometry":{"type":"Point","coordinates":[1.66867,49.20752]},"properties":{"libelle":"Château-St-Clair-sur-Epte"}},{"type":"Feature","geometry":{"type":"Point","coordinates":[4.3794,49.05571]},"properties":{"libelle":"St-Hilaire-au-Temple"}},{"type":"Feature","geometry":{"type":"Point","coordinates":[3.86642,50.27952]},"properties":{"libelle":"La Longueville (Nord)"}},{"type":"Feature","geometry":{"type":"Point","coordinates":[3.51656,50.35474]},"properties":{"libelle":"Valenciennes-Faubourg"}},{"type":"Feature","geometry":{"type":"Point","coordinates":[1.69942,50.23234]},"properties":{"libelle":"Ponthoile-Romaine"}},{"type":"Feature","geometry":{"type":"Point","coordinates":[2.28464,49.89288]},"properties":{"libelle":"St-Roch (Somme)"}},{"type":"Feature","geometry":{"type":"Point","coordinates":[3.62459,49.57071]},"properties":{"libelle":"Laon"}},{"type":"Feature","geometry":{"type":"Point","coordinates":[2.00454,49.41787]},"properties":{"libelle":"St-Paul-de-l'Oise"}},{"type":"Feature","geometry":{"type":"Point","coordinates":[4.12683,49.71359]},"properties":{"libelle":"Rozoy-sur-Serre"}},{"type":"Feature","geometry":{"type":"Point","coordinates":[3.34165,50.19893]},"properties":{"libelle":"Rieux (Nord)"}},{"type":"Feature","geometry":{"type":"Point","coordinates":[2.02742,48.97036]},"properties":{"libelle":"Chanteloup-les-Vignes"}},{"type":"Feature","geometry":{"type":"Point","coordinates":[4.30955,48.8799]},"properties":{"libelle":"Nuisement"}},{"type":"Feature","geometry":{"type":"Point","coordinates":[2.42591,49.46822]},"properties":{"libelle":"St-Remy-en-l'Eau"}},{"type":"Feature","geometry":{"type":"Point","coordinates":[2.63346,50.34729]},"properties":{"libelle":"Frévin-Capelle"}},{"type":"Feature","geometry":{"type":"Point","coordinates":[2.9075,48.78919]},"properties":{"libelle":"Mortcerf"}},{"type":"Feature","geometry":{"type":"Point","coordinates":[3.81958,49.29]},"properties":{"libelle":"Jonchery-sur-Vesle"}},{"type":"Feature","geometry":{"type":"Point","coordinates":[1.28792,49.33153]},"properties":{"libelle":"Pont-St-Pierre"}},{"type":"Feature","geometry":{"type":"Point","coordinates":[2.07836,49.01439]},"properties":{"libelle":"Neuville-Université"}},{"type":"Feature","geometry":{"type":"Point","coordinates":[2.59551,49.39589]},"properties":{"libelle":"Froyères-Garage"}},{"type":"Feature","geometry":{"type":"Point","coordinates":[2.6991,49.03207]},"properties":{"libelle":"Dammartin-Juilly-St-Mard"}},{"type":"Feature","geometry":{"type":"Point","coordinates":[4.3469,49.62402]},"properties":{"libelle":"Wasigny-La Neuville"}},{"type":"Feature","geometry":{"type":"Point","coordinates":[3.5398,49.33306]},"properties":{"libelle":"Braine"}},{"type":"Feature","geometry":{"type":"Point","coordinates":[2.5987,49.96492]},"properties":{"libelle":"Buire-sur-l'Ancre"}},{"type":"Feature","geometry":{"type":"Point","coordinates":[3.27294,50.35444]},"properties":{"libelle":"Somain"}},{"type":"Feature","geometry":{"type":"Point","coordinates":[3.18254,50.12094]},"properties":{"libelle":"Marcoing"}},{"type":"Feature","geometry":{"type":"Point","coordinates":[3.34021,50.31913]},"properties":{"libelle":"Escaudain"}},{"type":"Feature","geometry":{"type":"Point","coordinates":[3.92469,48.73206]},"properties":{"libelle":"Connantre"}},{"type":"Feature","geometry":{"type":"Point","coordinates":[4.00151,50.08879]},"properties":{"libelle":"Sains-du-Nord"}},{"type":"Feature","geometry":{"type":"Point","coordinates":[1.89533,50.42277]},"properties":{"libelle":"Beaurainville"}},{"type":"Feature","geometry":{"type":"Point","coordinates":[2.52682,48.88329]},"properties":{"libelle":"Gagny"}},{"type":"Feature","geometry":{"type":"Point","coordinates":[2.03686,49.47067]},"properties":{"libelle":"Troissereux-Fouquenies"}},{"type":"Feature","geometry":{"type":"Point","coordinates":[2.43555,48.7713]},"properties":{"libelle":"Créteil-Pompadour"}},{"type":"Feature","geometry":{"type":"Point","coordinates":[3.46142,50.31696]},"properties":{"libelle":"Prouvy-Thiant"}},{"type":"Feature","geometry":{"type":"Point","coordinates":[2.2608,48.93153]},"properties":{"libelle":"Le Stade"}},{"type":"Feature","geometry":{"type":"Point","coordinates":[3.91068,49.4847]},"properties":{"libelle":"Amifontaine"}},{"type":"Feature","geometry":{"type":"Point","coordinates":[2.43621,49.25117]},"properties":{"libelle":"Montataire"}},{"type":"Feature","geometry":{"type":"Point","coordinates":[2.83687,50.54154]},"properties":{"libelle":"Salomé"}},{"type":"Feature","geometry":{"type":"Point","coordinates":[2.41216,48.76251]},"properties":{"libelle":"Choisy-le-Roi"}},{"type":"Feature","geometry":{"type":"Point","coordinates":[2.38536,48.92409]},"properties":{"libelle":"La Courneuve-Aubervilliers"}},{"type":"Feature","geometry":{"type":"Point","coordinates":[1.74747,48.98422]},"properties":{"libelle":"Limay"}},{"type":"Feature","geometry":{"type":"Point","coordinates":[3.51875,50.36616]},"properties":{"libelle":"Valenciennes"}},{"type":"Feature","geometry":{"type":"Point","coordinates":[3.08206,48.80768]},"properties":{"libelle":"Coulommiers"}},{"type":"Feature","geometry":{"type":"Point","coordinates":[1.65975,50.31637]},"properties":{"libelle":"Quend-Fort-Mahon"}},{"type":"Feature","geometry":{"type":"Point","coordinates":[3.51598,49.0509]},"properties":{"libelle":"Crézancy"}},{"type":"Feature","geometry":{"type":"Point","coordinates":[2.34692,48.8614]},"properties":{"libelle":"Chatelet-les-Halles"}},{"type":"Feature","geometry":{"type":"Point","coordinates":[4.05377,50.0155]},"properties":{"libelle":"Fourmies"}},{"type":"Feature","geometry":{"type":"Point","coordinates":[2.8587,50.43728]},"properties":{"libelle":"Loison-sous-Lens"}},{"type":"Feature","geometry":{"type":"Point","coordinates":[2.61342,49.84831]},"properties":{"libelle":"Wiencourt-l'Équipée"}},{"type":"Feature","geometry":{"type":"Point","coordinates":[2.51697,50.50482]},"properties":{"libelle":"Vis-à-Marles"}},{"type":"Feature","geometry":{"type":"Point","coordinates":[3.1389,49.58563]},"properties":{"libelle":"Marest-Quierzy"}},{"type":"Feature","geometry":{"type":"Point","coordinates":[2.37952,48.89756]},"properties":{"libelle":"Rosa Parks"}},{"type":"Feature","geometry":{"type":"Point","coordinates":[1.99274,49.37495]},"properties":{"libelle":"Auneuil"}},{"type":"Feature","geometry":{"type":"Point","coordinates":[1.91205,48.99209]},"properties":{"libelle":"Les Mureaux"}},{"type":"Feature","geometry":{"type":"Point","coordinates":[2.43105,48.91052]},"properties":{"libelle":"Bobigny"}},{"type":"Feature","geometry":{"type":"Point","coordinates":[2.48974,49.13878]},"properties":{"libelle":"Orry-la-Ville-Coye"}},{"type":"Feature","geometry":{"type":"Point","coordinates":[3.26965,49.69259]},"properties":{"libelle":"Mennessis"}},{"type":"Feature","geometry":{"type":"Point","coordinates":[3.85444,48.72552]},"properties":{"libelle":"Linthes-Linthelles-Pleurs"}},{"type":"Feature","geometry":{"type":"Point","coordinates":[2.41116,48.94388]},"properties":{"libelle":"Dugny-La Courneuve TT"}},{"type":"Feature","geometry":{"type":"Point","coordinates":[2.15251,48.8367]},"properties":{"libelle":"Vaucresson"}},{"type":"Feature","geometry":{"type":"Point","coordinates":[2.53955,49.94349]},"properties":{"libelle":"Heilly"}},{"type":"Feature","geometry":{"type":"Point","coordinates":[3.40304,49.4392]},"properties":{"libelle":"Margival"}},{"type":"Feature","geometry":{"type":"Point","coordinates":[2.21654,48.85646]},"properties":{"libelle":"Le Val-d'Or"}},{"type":"Feature","geometry":{"type":"Point","coordinates":[4.0375,49.43959]},"properties":{"libelle":"Evergnicourt"}},{"type":"Feature","geometry":{"type":"Point","coordinates":[2.04902,48.97474]},"properties":{"libelle":"Andrésy"}},{"type":"Feature","geometry":{"type":"Point","coordinates":[2.07692,48.86819]},"properties":{"libelle":"L'Étang-la-Ville"}},{"type":"Feature","geometry":{"type":"Point","coordinates":[2.59297,50.35308]},"properties":{"libelle":"Aubigny-en-Artois"}},{"type":"Feature","geometry":{"type":"Point","coordinates":[2.28064,48.85304]},"properties":{"libelle":"Avenue-du-Président-Kennedy-Radio-France"}},{"type":"Feature","geometry":{"type":"Point","coordinates":[3.79149,49.60865]},"properties":{"libelle":"Liesse-Gizy"}},{"type":"Feature","geometry":{"type":"Point","coordinates":[2.11895,48.90075]},"properties":{"libelle":"Le Pecq"}},{"type":"Feature","geometry":{"type":"Point","coordinates":[1.32942,48.98033]},"properties":{"libelle":"Boisset (Eure)"}},{"type":"Feature","geometry":{"type":"Point","coordinates":[3.60875,50.33005]},"properties":{"libelle":"Curgies"}},{"type":"Feature","geometry":{"type":"Point","coordinates":[3.80937,50.19808]},"properties":{"libelle":"Berlaimont"}},{"type":"Feature","geometry":{"type":"Point","coordinates":[1.77982,50.12213]},"properties":{"libelle":"Cambron-Laviers"}},{"type":"Feature","geometry":{"type":"Point","coordinates":[2.0043,50.01085]},"properties":{"libelle":"Longpré-les-Corps-Saints"}},{"type":"Feature","geometry":{"type":"Point","coordinates":[2.89395,50.49861]},"properties":{"libelle":"Meurchin"}},{"type":"Feature","geometry":{"type":"Point","coordinates":[1.67685,50.27151]},"properties":{"libelle":"Rue"}},{"type":"Feature","geometry":{"type":"Point","coordinates":[3.24945,49.62689]},"properties":{"libelle":"Viry-Noureuil"}},{"type":"Feature","geometry":{"type":"Point","coordinates":[2.41645,48.99397]},"properties":{"libelle":"Villiers-le-Bel-Gonesse-Arnouville"}},{"type":"Feature","geometry":{"type":"Point","coordinates":[2.70176,50.46042]},"properties":{"libelle":"Mazingarbe"}},{"type":"Feature","geometry":{"type":"Point","coordinates":[2.18688,48.83813]},"properties":{"libelle":"Garches-Marnes-la-Coquette"}},{"type":"Feature","geometry":{"type":"Point","coordinates":[2.09061,49.018]},"properties":{"libelle":"Éragny-Neuville"}},{"type":"Feature","geometry":{"type":"Point","coordinates":[1.54001,49.63197]},"properties":{"libelle":"Serqueux"}},{"type":"Feature","geometry":{"type":"Point","coordinates":[2.06731,49.98141]},"properties":{"libelle":"Hangest"}},{"type":"Feature","geometry":{"type":"Point","coordinates":[2.20199,49.09156]},"properties":{"libelle":"Valmondois"}},{"type":"Feature","geometry":{"type":"Point","coordinates":[2.15755,48.93725]},"properties":{"libelle":"Sartrouville"}},{"type":"Feature","geometry":{"type":"Point","coordinates":[2.1321,48.85414]},"properties":{"libelle":"Bougival"}},{"type":"Feature","geometry":{"type":"Point","coordinates":[2.19312,48.96851]},"properties":{"libelle":"Cormeilles-en-Parisis"}},{"type":"Feature","geometry":{"type":"Point","coordinates":[2.25611,48.98552]},"properties":{"libelle":"Cernay"}},{"type":"Feature","geometry":{"type":"Point","coordinates":[3.54814,50.28455]},"properties":{"libelle":"Artres"}},{"type":"Feature","geometry":{"type":"Point","coordinates":[2.17492,48.8884]},"properties":{"libelle":"Rueil-Malmaison"}},{"type":"Feature","geometry":{"type":"Point","coordinates":[3.8934,49.83004]},"properties":{"libelle":"Vervins"}},{"type":"Feature","geometry":{"type":"Point","coordinates":[3.32242,48.96866]},"properties":{"libelle":"Nogent-l'Artaud"}},{"type":"Feature","geometry":{"type":"Point","coordinates":[2.53367,50.51128]},"properties":{"libelle":"Lapugnoy"}},{"type":"Feature","geometry":{"type":"Point","coordinates":[2.18549,48.92004]},"properties":{"libelle":"Houilles-Carrières-sur-Seine"}},{"type":"Feature","geometry":{"type":"Point","coordinates":[2.22078,48.87132]},"properties":{"libelle":"Suresnes-Mont-Valérien"}},{"type":"Feature","geometry":{"type":"Point","coordinates":[2.76062,49.67834]},"properties":{"libelle":"Laucourt"}},{"type":"Feature","geometry":{"type":"Point","coordinates":[2.29734,48.89795]},"properties":{"libelle":"Clichy-Levallois"}},{"type":"Feature","geometry":{"type":"Point","coordinates":[2.26102,48.93151]},"properties":{"libelle":"Le Stade"}},{"type":"Feature","geometry":{"type":"Point","coordinates":[2.14437,48.94594]},"properties":{"libelle":"Maisons-Laffitte"}},{"type":"Feature","geometry":{"type":"Point","coordinates":[1.35197,49.17496]},"properties":{"libelle":"Gaillon-Aubevoye"}},{"type":"Feature","geometry":{"type":"Point","coordinates":[2.28383,48.90536]},"properties":{"libelle":"Asnières-sur-Seine"}},{"type":"Feature","geometry":{"type":"Point","coordinates":[2.28055,48.70819]},"properties":{"libelle":"Champlan"}},{"type":"Feature","geometry":{"type":"Point","coordinates":[1.82625,49.73675]},"properties":{"libelle":"Fouilloy"}},{"type":"Feature","geometry":{"type":"Point","coordinates":[1.80738,48.96326]},"properties":{"libelle":"Épône-Mézières"}},{"type":"Feature","geometry":{"type":"Point","coordinates":[1.60278,48.796]},"properties":{"libelle":"Houdan"}},{"type":"Feature","geometry":{"type":"Point","coordinates":[2.25277,48.82186]},"properties":{"libelle":"Les Moulineaux-Billancourt"}},{"type":"Feature","geometry":{"type":"Point","coordinates":[2.40901,49.87865]},"properties":{"libelle":"Blangy-Glisy"}},{"type":"Feature","geometry":{"type":"Point","coordinates":[2.41672,50.36594]},"properties":{"libelle":"Ligny-St-Flochel"}},{"type":"Feature","geometry":{"type":"Point","coordinates":[2.76173,50.27816]},"properties":{"libelle":"Achicourt"}},{"type":"Feature","geometry":{"type":"Point","coordinates":[3.96689,50.27255]},"properties":{"libelle":"Maubeuge"}},{"type":"Feature","geometry":{"type":"Point","coordinates":[2.52599,48.7957]},"properties":{"libelle":"Chennevières-sur-Marne"}},{"type":"Feature","geometry":{"type":"Point","coordinates":[2.77725,49.38668]},"properties":{"libelle":"Jaux"}},{"type":"Feature","geometry":{"type":"Point","coordinates":[2.43646,49.23211]},"properties":{"libelle":"Le Petit-Thérain"}},{"type":"Feature","geometry":{"type":"Point","coordinates":[2.37974,48.82725]},"properties":{"libelle":"Bibliothèque-François-Mitterrand"}},{"type":"Feature","geometry":{"type":"Point","coordinates":[2.80667,48.8967]},"properties":{"libelle":"Les Champs-Forts"}},{"type":"Feature","geometry":{"type":"Point","coordinates":[3.77128,49.60373]},"properties":{"libelle":"Gizy"}},{"type":"Feature","geometry":{"type":"Point","coordinates":[3.72946,48.71495]},"properties":{"libelle":"Sézanne"}},{"type":"Feature","geometry":{"type":"Point","coordinates":[3.5565,49.73898]},"properties":{"libelle":"La Ferté-Chevresis"}},{"type":"Feature","geometry":{"type":"Point","coordinates":[2.31814,48.83921]},"properties":{"libelle":"Paris-Montparnasse-Pasteur"}},{"type":"Feature","geometry":{"type":"Point","coordinates":[2.20806,49.39271]},"properties":{"libelle":"Bailleul-sur-Thérain"}},{"type":"Feature","geometry":{"type":"Point","coordinates":[3.24911,50.47729]},"properties":{"libelle":"Orchies"}},{"type":"Feature","geometry":{"type":"Point","coordinates":[1.7244,49.83262]},"properties":{"libelle":"Vieux-Rouen-sur-Bresle"}},{"type":"Feature","geometry":{"type":"Point","coordinates":[2.50781,48.77102]},"properties":{"libelle":"Sucy-Bonneuil"}},{"type":"Feature","geometry":{"type":"Point","coordinates":[3.31111,50.13385]},"properties":{"libelle":"Wambaix"}},{"type":"Feature","geometry":{"type":"Point","coordinates":[2.43185,48.78944]},"properties":{"libelle":"Pompadour-Maisons-Alfort"}},{"type":"Feature","geometry":{"type":"Point","coordinates":[2.24272,49.01541]},"properties":{"libelle":"St-Leu-la-Forêt"}},{"type":"Feature","geometry":{"type":"Point","coordinates":[2.53933,49.69565]},"properties":{"libelle":"Bouillancourt"}},{"type":"Feature","geometry":{"type":"Point","coordinates":[2.26398,48.97035]},"properties":{"libelle":"Sannois"}},{"type":"Feature","geometry":{"type":"Point","coordinates":[2.71761,49.34257]},"properties":{"libelle":"Longueil-Ste-Marie"}},{"type":"Feature","geometry":{"type":"Point","coordinates":[3.33346,50.12839]},"properties":{"libelle":"Cattenières"}},{"type":"Feature","geometry":{"type":"Point","coordinates":[4.33539,49.77036]},"properties":{"libelle":"Liart"}},{"type":"Feature","geometry":{"type":"Point","coordinates":[2.42695,48.73814]},"properties":{"libelle":"Villeneuve-le-Roi"}},{"type":"Feature","geometry":{"type":"Point","coordinates":[3.77475,49.55596]},"properties":{"libelle":"Coucy-lès-Eppes"}},{"type":"Feature","geometry":{"type":"Point","coordinates":[2.40935,48.8509]},"properties":{"libelle":"Charonne-Ceinture"}},{"type":"Feature","geometry":{"type":"Point","coordinates":[2.55442,49.60029]},"properties":{"libelle":"Domfront-la-Compassion"}},{"type":"Feature","geometry":{"type":"Point","coordinates":[3.21909,50.54059]},"properties":{"libelle":"Cobrieux"}},{"type":"Feature","geometry":{"type":"Point","coordinates":[1.93082,50.408]},"properties":{"libelle":"Maresquel"}},{"type":"Feature","geometry":{"type":"Point","coordinates":[1.4178,49.35585]},"properties":{"libelle":"Ménesqueville"}},{"type":"Feature","geometry":{"type":"Point","coordinates":[4.0389,49.19365]},"properties":{"libelle":"Montbré"}},{"type":"Feature","geometry":{"type":"Point","coordinates":[3.62328,49.57071]},"properties":{"libelle":"Laon"}},{"type":"Feature","geometry":{"type":"Point","coordinates":[2.3968,48.66851]},"properties":{"libelle":"Grigny-Val-de-Seine"}},{"type":"Feature","geometry":{"type":"Point","coordinates":[1.94375,48.75543]},"properties":{"libelle":"La Verrière"}},{"type":"Feature","geometry":{"type":"Point","coordinates":[2.3971,48.66843]},"properties":{"libelle":"Grigny-Val-de-Seine"}},{"type":"Feature","geometry":{"type":"Point","coordinates":[1.43662,49.62897]},"properties":{"libelle":"Sommery"}},{"type":"Feature","geometry":{"type":"Point","coordinates":[2.44637,48.7315]},"properties":{"libelle":"Villeneuve-St-Georges"}},{"type":"Feature","geometry":{"type":"Point","coordinates":[1.9083,49.17552]},"properties":{"libelle":"Bouconvillers"}},{"type":"Feature","geometry":{"type":"Point","coordinates":[2.35662,48.88105]},"properties":{"libelle":"Paris-Nord-Souterraine"}},{"type":"Feature","geometry":{"type":"Point","coordinates":[4.08439,49.91432]},"properties":{"libelle":"Hirson"}},{"type":"Feature","geometry":{"type":"Point","coordinates":[1.83256,49.65429]},"properties":{"libelle":"Feuquières-Broquiers"}},{"type":"Feature","geometry":{"type":"Point","coordinates":[2.46088,49.79286]},"properties":{"libelle":"Thennes-Castel"}},{"type":"Feature","geometry":{"type":"Point","coordinates":[3.54136,49.50641]},"properties":{"libelle":"Chailvet-Urcel"}},{"type":"Feature","geometry":{"type":"Point","coordinates":[1.94917,49.12391]},"properties":{"libelle":"Santeuil-Le Perchay"}},{"type":"Feature","geometry":{"type":"Point","coordinates":[2.88315,48.86326]},"properties":{"libelle":"Villiers-Montbarbin"}},{"type":"Feature","geometry":{"type":"Point","coordinates":[2.83068,50.35851]},"properties":{"libelle":"Farbus"}},{"type":"Feature","geometry":{"type":"Point","coordinates":[2.29789,48.89785]},"properties":{"libelle":"Clichy-Levallois"}},{"type":"Feature","geometry":{"type":"Point","coordinates":[2.07462,48.98898]},"properties":{"libelle":"Conflans-Fin-d'Oise"}},{"type":"Feature","geometry":{"type":"Point","coordinates":[2.29124,48.97978]},"properties":{"libelle":"Champ-de-Courses-d'Enghien"}},{"type":"Feature","geometry":{"type":"Point","coordinates":[2.5068,49.12624]},"properties":{"libelle":"La Borne-Blanche"}},{"type":"Feature","geometry":{"type":"Point","coordinates":[2.44554,49.32475]},"properties":{"libelle":"Liancourt-Rantigny"}},{"type":"Feature","geometry":{"type":"Point","coordinates":[2.17681,49.07101]},"properties":{"libelle":"Auvers-sur-Oise"}},{"type":"Feature","geometry":{"type":"Point","coordinates":[1.58919,50.06342]},"properties":{"libelle":"Feuquières-Fressenneville"}},{"type":"Feature","geometry":{"type":"Point","coordinates":[2.7831,49.76632]},"properties":{"libelle":"Hattencourt"}},{"type":"Feature","geometry":{"type":"Point","coordinates":[2.45882,48.75902]},"properties":{"libelle":"Valenton"}},{"type":"Feature","geometry":{"type":"Point","coordinates":[1.99029,49.77769]},"properties":{"libelle":"Poix-de-Picardie"}},{"type":"Feature","geometry":{"type":"Point","coordinates":[2.2255,48.82882]},"properties":{"libelle":"Pont-de-Sèvres"}},{"type":"Feature","geometry":{"type":"Point","coordinates":[2.3529,48.74044]},"properties":{"libelle":"Rungis-la-Fraternelle"}},{"type":"Feature","geometry":{"type":"Point","coordinates":[2.7716,50.21037]},"properties":{"libelle":"Boisleux"}},{"type":"Feature","geometry":{"type":"Point","coordinates":[4.08457,49.91447]},"properties":{"libelle":"Hirson"}},{"type":"Feature","geometry":{"type":"Point","coordinates":[4.00953,50.27959]},"properties":{"libelle":"Les Bons-Pères"}},{"type":"Feature","geometry":{"type":"Point","coordinates":[2.46343,49.0239]},"properties":{"libelle":"Goussainville"}},{"type":"Feature","geometry":{"type":"Point","coordinates":[3.66242,49.99829]},"properties":{"libelle":"Étreux"}},{"type":"Feature","geometry":{"type":"Point","coordinates":[2.27551,48.87096]},"properties":{"libelle":"Avenue-Foch"}},{"type":"Feature","geometry":{"type":"Point","coordinates":[2.83727,49.20031]},"properties":{"libelle":"Ormoy-Villers"}},{"type":"Feature","geometry":{"type":"Point","coordinates":[3.22377,49.7121]},"properties":{"libelle":"Jussy"}},{"type":"Feature","geometry":{"type":"Point","coordinates":[2.06861,48.87209]},"properties":{"libelle":"L'Étang-les Sablons"}},{"type":"Feature","geometry":{"type":"Point","coordinates":[2.47735,48.93215]},"properties":{"libelle":"Le Blanc-Mesnil"}},{"type":"Feature","geometry":{"type":"Point","coordinates":[2.64708,50.5337]},"properties":{"libelle":"Béthune-Rivage"}},{"type":"Feature","geometry":{"type":"Point","coordinates":[3.50643,49.06673]},"properties":{"libelle":"Mézy"}},{"type":"Feature","geometry":{"type":"Point","coordinates":[2.70575,49.43317]},"properties":{"libelle":"Rémy"}},{"type":"Feature","geometry":{"type":"Point","coordinates":[2.32821,48.79922]},"properties":{"libelle":"Arcueil-Cachan"}},{"type":"Feature","geometry":{"type":"Point","coordinates":[2.23121,48.8224]},"properties":{"libelle":"Bellevue-Funiculaire"}},{"type":"Feature","geometry":{"type":"Point","coordinates":[2.05789,49.06294]},"properties":{"libelle":"Osny"}},{"type":"Feature","geometry":{"type":"Point","coordinates":[3.32623,49.33513]},"properties":{"libelle":"Berzy-le-Sec"}},{"type":"Feature","geometry":{"type":"Point","coordinates":[4.26839,49.3134]},"properties":{"libelle":"St-Masmes"}},{"type":"Feature","geometry":{"type":"Point","coordinates":[3.25522,50.17675]},"properties":{"libelle":"Cambrai-Annexe"}},{"type":"Feature","geometry":{"type":"Point","coordinates":[1.84052,48.93874]},"properties":{"libelle":"Nézel-Aulnay"}},{"type":"Feature","geometry":{"type":"Point","coordinates":[1.8472,48.97182]},"properties":{"libelle":"Aubergenville-Élisabethville"}},{"type":"Feature","geometry":{"type":"Point","coordinates":[2.24752,48.89793]},"properties":{"libelle":"Courbevoie"}},{"type":"Feature","geometry":{"type":"Point","coordinates":[1.65817,50.17438]},"properties":{"libelle":"St-Valéry-Canal"}},{"type":"Feature","geometry":{"type":"Point","coordinates":[2.25761,48.91362]},"properties":{"libelle":"Les Vallées"}},{"type":"Feature","geometry":{"type":"Point","coordinates":[3.48823,48.76643]},"properties":{"libelle":"Joiselle"}},{"type":"Feature","geometry":{"type":"Point","coordinates":[2.3377,49.0328]},"properties":{"libelle":"Domont"}},{"type":"Feature","geometry":{"type":"Point","coordinates":[2.37765,48.95929]},"properties":{"libelle":"Stains"}},{"type":"Feature","geometry":{"type":"Point","coordinates":[2.13615,48.79552]},"properties":{"libelle":"Versailles-Chantiers"}},{"type":"Feature","geometry":{"type":"Point","coordinates":[2.16781,48.80548]},"properties":{"libelle":"Viroflay-Rive-Droite"}},{"type":"Feature","geometry":{"type":"Point","coordinates":[3.51673,49.62344]},"properties":{"libelle":"Crépy-Couvron"}},{"type":"Feature","geometry":{"type":"Point","coordinates":[2.05114,48.86768]},"properties":{"libelle":"St-Nom-la-Bretêche-Forêt-de-Marly TT"}},{"type":"Feature","geometry":{"type":"Point","coordinates":[4.11756,49.29624]},"properties":{"libelle":"Witry-lès-Reims"}},{"type":"Feature","geometry":{"type":"Point","coordinates":[2.86788,48.73421]},"properties":{"libelle":"Marles-en-Brie"}},{"type":"Feature","geometry":{"type":"Point","coordinates":[2.34425,49.29426]},"properties":{"libelle":"Balagny-St-Épin"}},{"type":"Feature","geometry":{"type":"Point","coordinates":[2.78196,50.52046]},"properties":{"libelle":"Violaines"}},{"type":"Feature","geometry":{"type":"Point","coordinates":[2.48149,48.88246]},"properties":{"libelle":"Rosny-Bois-Perrier"}},{"type":"Feature","geometry":{"type":"Point","coordinates":[2.17105,49.21251]},"properties":{"libelle":"Esches"}},{"type":"Feature","geometry":{"type":"Point","coordinates":[2.1477,48.76847]},"properties":{"libelle":"Petit-Jouy-Les Loges"}},{"type":"Feature","geometry":{"type":"Point","coordinates":[2.8226,50.37396]},"properties":{"libelle":"Vimy"}},{"type":"Feature","geometry":{"type":"Point","coordinates":[1.58045,49.03856]},"properties":{"libelle":"Bonnières"}},{"type":"Feature","geometry":{"type":"Point","coordinates":[2.29754,48.89764]},"properties":{"libelle":"Clichy-Levallois"}},{"type":"Feature","geometry":{"type":"Point","coordinates":[2.2969,48.89762]},"properties":{"libelle":"Clichy-Levallois"}},{"type":"Feature","geometry":{"type":"Point","coordinates":[1.9964,49.52921]},"properties":{"libelle":"St-Omer-en-Chaussée"}},{"type":"Feature","geometry":{"type":"Point","coordinates":[2.23898,48.89291]},"properties":{"libelle":"La Défense CNIT"}},{"type":"Feature","geometry":{"type":"Point","coordinates":[3.4098,49.47422]},"properties":{"libelle":"Vauxaillon"}},{"type":"Feature","geometry":{"type":"Point","coordinates":[4.19898,49.83383]},"properties":{"libelle":"Aubenton"}},{"type":"Feature","geometry":{"type":"Point","coordinates":[2.86741,49.84059]},"properties":{"libelle":"Marchélepot"}},{"type":"Feature","geometry":{"type":"Point","coordinates":[3.39354,50.43549]},"properties":{"libelle":"Millonfosse"}},{"type":"Feature","geometry":{"type":"Point","coordinates":[3.52933,50.19775]},"properties":{"libelle":"Romeries"}},{"type":"Feature","geometry":{"type":"Point","coordinates":[2.26342,48.98995]},"properties":{"libelle":"Ermont-Halte"}},{"type":"Feature","geometry":{"type":"Point","coordinates":[1.55275,49.98185]},"properties":{"libelle":"Longroy-Gamaches"}},{"type":"Feature","geometry":{"type":"Point","coordinates":[3.25284,50.32873]},"properties":{"libelle":"Aniche"}},{"type":"Feature","geometry":{"type":"Point","coordinates":[2.7725,50.43426]},"properties":{"libelle":"Liévin"}},{"type":"Feature","geometry":{"type":"Point","coordinates":[2.43584,49.81178]},"properties":{"libelle":"Thézy-Glimont"}},{"type":"Feature","geometry":{"type":"Point","coordinates":[3.51557,50.3621]},"properties":{"libelle":"Valenciennes"}},{"type":"Feature","geometry":{"type":"Point","coordinates":[2.21805,48.75005]},"properties":{"libelle":"Bièvres"}},{"type":"Feature","geometry":{"type":"Point","coordinates":[2.12335,48.86119]},"properties":{"libelle":"Louveciennes"}},{"type":"Feature","geometry":{"type":"Point","coordinates":[2.25402,48.9137]},"properties":{"libelle":"Les Vallées"}},{"type":"Feature","geometry":{"type":"Point","coordinates":[3.87142,50.14622]},"properties":{"libelle":"Dompierre"}},{"type":"Feature","geometry":{"type":"Point","coordinates":[2.1508,48.80664]},"properties":{"libelle":"Montreuil"}},{"type":"Feature","geometry":{"type":"Point","coordinates":[2.37695,49.2035]},"properties":{"libelle":"Précy-sur-Oise"}},{"type":"Feature","geometry":{"type":"Point","coordinates":[2.09693,48.87145]},"properties":{"libelle":"Marly-le-Roi"}},{"type":"Feature","geometry":{"type":"Point","coordinates":[1.87579,48.85939]},"properties":{"libelle":"Beynes"}},{"type":"Feature","geometry":{"type":"Point","coordinates":[2.23142,48.73774]},"properties":{"libelle":"Igny"}},{"type":"Feature","geometry":{"type":"Point","coordinates":[1.62913,48.99773]},"properties":{"libelle":"Rosny-sur-Seine"}},{"type":"Feature","geometry":{"type":"Point","coordinates":[1.95427,48.99302]},"properties":{"libelle":"Les Clairières-de-Verneuil"}},{"type":"Feature","geometry":{"type":"Point","coordinates":[2.37272,48.74833]},"properties":{"libelle":"Pont-de-Rungis-Aéroport-d'Orly"}},{"type":"Feature","geometry":{"type":"Point","coordinates":[1.95749,48.831]},"properties":{"libelle":"Plaisir-Les Clayes"}},{"type":"Feature","geometry":{"type":"Point","coordinates":[2.62908,50.45069]},"properties":{"libelle":"Barlin-Hte"}},{"type":"Feature","geometry":{"type":"Point","coordinates":[2.19453,48.75807]},"properties":{"libelle":"Vauboyen"}},{"type":"Feature","geometry":{"type":"Point","coordinates":[1.21982,48.95848]},"properties":{"libelle":"Prey"}},{"type":"Feature","geometry":{"type":"Point","coordinates":[2.09197,48.95515]},"properties":{"libelle":"Achères-Grand-Cormier"}},{"type":"Feature","geometry":{"type":"Point","coordinates":[3.36431,49.50361]},"properties":{"libelle":"Landricourt"}},{"type":"Feature","geometry":{"type":"Point","coordinates":[2.28365,48.90555]},"properties":{"libelle":"Asnières-sur-Seine"}},{"type":"Feature","geometry":{"type":"Point","coordinates":[2.79212,49.47773]},"properties":{"libelle":"Villers-sur-Coudun"}},{"type":"Feature","geometry":{"type":"Point","coordinates":[2.05816,49.43119]},"properties":{"libelle":"Pont-aux-Brebis"}},{"type":"Feature","geometry":{"type":"Point","coordinates":[1.80542,49.66295]},"properties":{"libelle":"Moliens"}},{"type":"Feature","geometry":{"type":"Point","coordinates":[3.92774,49.97749]},"properties":{"libelle":"La Capelle-en-Thiérache"}},{"type":"Feature","geometry":{"type":"Point","coordinates":[1.39824,48.76345]},"properties":{"libelle":"Fermaincourt"}},{"type":"Feature","geometry":{"type":"Point","coordinates":[3.15743,50.25675]},"properties":{"libelle":"Oisy-le-Verger"}},{"type":"Feature","geometry":{"type":"Point","coordinates":[3.0896,49.57902]},"properties":{"libelle":"Baboeuf"}},{"type":"Feature","geometry":{"type":"Point","coordinates":[2.58153,49.56104]},"properties":{"libelle":"Tricot"}},{"type":"Feature","geometry":{"type":"Point","coordinates":[2.87832,50.48102]},"properties":{"libelle":"Pont-à-Vendin"}},{"type":"Feature","geometry":{"type":"Point","coordinates":[2.22985,48.81884]},"properties":{"libelle":"Bellevue"}},{"type":"Feature","geometry":{"type":"Point","coordinates":[2.06981,48.89457]},"properties":{"libelle":"St-Germain-en-Laye-Bel-Air-Fourqueux"}},{"type":"Feature","geometry":{"type":"Point","coordinates":[2.22215,48.86765]},"properties":{"libelle":"Suresnes-Longchamp"}},{"type":"Feature","geometry":{"type":"Point","coordinates":[2.2808,49.13248]},"properties":{"libelle":"Nointel-Mours"}},{"type":"Feature","geometry":{"type":"Point","coordinates":[2.36197,48.74376]},"properties":{"libelle":"Rungis (MIN)"}},{"type":"Feature","geometry":{"type":"Point","coordinates":[2.28417,48.90542]},"properties":{"libelle":"Asnières-sur-Seine"}},{"type":"Feature","geometry":{"type":"Point","coordinates":[4.22212,49.17811]},"properties":{"libelle":"Val-de-Vesle"}},{"type":"Feature","geometry":{"type":"Point","coordinates":[2.35662,48.88105]},"properties":{"libelle":"Paris-Nord-Surface"}},{"type":"Feature","geometry":{"type":"Point","coordinates":[1.70474,50.18567]},"properties":{"libelle":"Noyelles-sur-Mer"}},{"type":"Feature","geometry":{"type":"Point","coordinates":[2.28283,49.14927]},"properties":{"libelle":"Bel-Air"}},{"type":"Feature","geometry":{"type":"Point","coordinates":[2.26037,48.99524]},"properties":{"libelle":"Gros-Noyer-St-Prix"}},{"type":"Feature","geometry":{"type":"Point","coordinates":[2.27048,48.83915]},"properties":{"libelle":"Pont-du-Garigliano-Hôpital-Georges-Pompidou"}},{"type":"Feature","geometry":{"type":"Point","coordinates":[2.15377,49.01937]},"properties":{"libelle":"Pierrelaye"}},{"type":"Feature","geometry":{"type":"Point","coordinates":[2.45882,49.89913]},"properties":{"libelle":"Daours"}},{"type":"Feature","geometry":{"type":"Point","coordinates":[2.37756,48.8433]},"properties":{"libelle":"Centre Henri Lang"}},{"type":"Feature","geometry":{"type":"Point","coordinates":[2.22979,49.02159]},"properties":{"libelle":"Vaucelles"}},{"type":"Feature","geometry":{"type":"Point","coordinates":[2.83647,49.1996]},"properties":{"libelle":"Ormoy-Villers"}},{"type":"Feature","geometry":{"type":"Point","coordinates":[4.04309,50.2839]},"properties":{"libelle":"Recquignies"}},{"type":"Feature","geometry":{"type":"Point","coordinates":[2.48127,48.70616]},"properties":{"libelle":"Yerres"}},{"type":"Feature","geometry":{"type":"Point","coordinates":[3.57661,49.54384]},"properties":{"libelle":"Clacy-Mons"}},{"type":"Feature","geometry":{"type":"Point","coordinates":[2.59005,50.46993]},"properties":{"libelle":"Bruay-en-Artois"}},{"type":"Feature","geometry":{"type":"Point","coordinates":[2.69136,50.53585]},"properties":{"libelle":"Beuvry (Pas-de-Calais)"}},{"type":"Feature","geometry":{"type":"Point","coordinates":[4.25698,49.15114]},"properties":{"libelle":"Sept-Saulx"}},{"type":"Feature","geometry":{"type":"Point","coordinates":[1.3616,48.78689]},"properties":{"libelle":"St-Georges-Motel"}},{"type":"Feature","geometry":{"type":"Point","coordinates":[2.91014,49.41623]},"properties":{"libelle":"Rethondes"}},{"type":"Feature","geometry":{"type":"Point","coordinates":[2.34578,48.82142]},"properties":{"libelle":"La Glacière-Gentilly"}},{"type":"Feature","geometry":{"type":"Point","coordinates":[1.73909,49.48095]},"properties":{"libelle":"Gournay-Ferrières"}},{"type":"Feature","geometry":{"type":"Point","coordinates":[3.27759,49.29105]},"properties":{"libelle":"Vierzy"}},{"type":"Feature","geometry":{"type":"Point","coordinates":[3.07584,49.94053]},"properties":{"libelle":"Marquaix-Hamelet"}},{"type":"Feature","geometry":{"type":"Point","coordinates":[2.39296,48.81285]},"properties":{"libelle":"Ivry-sur-Seine"}},{"type":"Feature","geometry":{"type":"Point","coordinates":[3.62445,49.57088]},"properties":{"libelle":"Laon"}},{"type":"Feature","geometry":{"type":"Point","coordinates":[2.87937,50.47327]},"properties":{"libelle":"Pont-à-Vendin"}},{"type":"Feature","geometry":{"type":"Point","coordinates":[4.01409,49.24213]},"properties":{"libelle":"Franchet-d'Esperey"}},{"type":"Feature","geometry":{"type":"Point","coordinates":[2.03429,49.04963]},"properties":{"libelle":"Cergy-St-Christophe"}},{"type":"Feature","geometry":{"type":"Point","coordinates":[3.61702,49.90511]},"properties":{"libelle":"Guise"}},{"type":"Feature","geometry":{"type":"Point","coordinates":[2.35333,48.90842]},"properties":{"libelle":"La Plaine-Tramways"}},{"type":"Feature","geometry":{"type":"Point","coordinates":[2.28788,49.11329]},"properties":{"libelle":"Presles-Courcelles"}},{"type":"Feature","geometry":{"type":"Point","coordinates":[2.42592,48.93074]},"properties":{"libelle":"Le Bourget"}},{"type":"Feature","geometry":{"type":"Point","coordinates":[2.28904,49.95632]},"properties":{"libelle":"Bertangles-Poulainville"}},{"type":"Feature","geometry":{"type":"Point","coordinates":[3.65007,50.24886]},"properties":{"libelle":"Le Quesnoy"}},{"type":"Feature","geometry":{"type":"Point","coordinates":[1.88189,49.65441]},"properties":{"libelle":"Brombos-Sarcus"}},{"type":"Feature","geometry":{"type":"Point","coordinates":[1.64868,50.45978]},"properties":{"libelle":"St-Josse"}},{"type":"Feature","geometry":{"type":"Point","coordinates":[4.3236,49.02156]},"properties":{"libelle":"La Veuve"}},{"type":"Feature","geometry":{"type":"Point","coordinates":[2.78481,49.79347]},"properties":{"libelle":"Hallu-Chilly"}},{"type":"Feature","geometry":{"type":"Point","coordinates":[3.50609,49.06682]},"properties":{"libelle":"Mézy"}},{"type":"Feature","geometry":{"type":"Point","coordinates":[2.09578,48.79552]},"properties":{"libelle":"Versailles-Matelots"}},{"type":"Feature","geometry":{"type":"Point","coordinates":[2.70395,48.88211]},"properties":{"libelle":"Lagny-Thorigny"}},{"type":"Feature","geometry":{"type":"Point","coordinates":[1.25629,48.75891]},"properties":{"libelle":"St-Germain-St-Rémy"}},{"type":"Feature","geometry":{"type":"Point","coordinates":[3.76219,49.08243]},"properties":{"libelle":"Port-à-Binson-Châtillon"}},{"type":"Feature","geometry":{"type":"Point","coordinates":[3.51544,48.74395]},"properties":{"libelle":"Neuvy"}},{"type":"Feature","geometry":{"type":"Point","coordinates":[2.24156,48.91018]},"properties":{"libelle":"La Garenne-Colombes"}},{"type":"Feature","geometry":{"type":"Point","coordinates":[2.03968,48.93265]},"properties":{"libelle":"Poissy"}},{"type":"Feature","geometry":{"type":"Point","coordinates":[4.14538,49.31535]},"properties":{"libelle":"Lavannes-Caurel"}},{"type":"Feature","geometry":{"type":"Point","coordinates":[2.32422,48.8765]},"properties":{"libelle":"Paris-St-Lazare"}},{"type":"Feature","geometry":{"type":"Point","coordinates":[1.41491,49.14392]},"properties":{"libelle":"Le Goulet"}},{"type":"Feature","geometry":{"type":"Point","coordinates":[1.98209,48.98206]},"properties":{"libelle":"Vernouillet-Verneuil"}},{"type":"Feature","geometry":{"type":"Point","coordinates":[2.27697,48.84625]},"properties":{"libelle":"Javel"}},{"type":"Feature","geometry":{"type":"Point","coordinates":[2.20069,48.82699]},"properties":{"libelle":"Sèvres-Ville-d'Avray"}},{"type":"Feature","geometry":{"type":"Point","coordinates":[2.32445,48.8765]},"properties":{"libelle":"Paris-St-Lazare"}},{"type":"Feature","geometry":{"type":"Point","coordinates":[3.59591,49.95911]},"properties":{"libelle":"Tupigny"}},{"type":"Feature","geometry":{"type":"Point","coordinates":[2.26793,48.90569]},"properties":{"libelle":"Bécon-les-Bruyères"}},{"type":"Feature","geometry":{"type":"Point","coordinates":[2.16664,48.76473]},"properties":{"libelle":"Jouy-en-Josas"}},{"type":"Feature","geometry":{"type":"Point","coordinates":[2.41093,48.94384]},"properties":{"libelle":"La Courneuve-Dugny"}},{"type":"Feature","geometry":{"type":"Point","coordinates":[2.2681,48.90519]},"properties":{"libelle":"Bécon-les-Bruyères"}},{"type":"Feature","geometry":{"type":"Point","coordinates":[1.76441,49.35664]},"properties":{"libelle":"Sérifontaine"}},{"type":"Feature","geometry":{"type":"Point","coordinates":[2.2334,48.88305]},"properties":{"libelle":"Puteaux"}},{"type":"Feature","geometry":{"type":"Point","coordinates":[1.2247,49.27581]},"properties":{"libelle":"Val-de-Reuil"}},{"type":"Feature","geometry":{"type":"Point","coordinates":[1.22479,49.23454]},"properties":{"libelle":"St-Pierre-du-Vauvray"}},{"type":"Feature","geometry":{"type":"Point","coordinates":[1.85728,48.90927]},"properties":{"libelle":"Maule"}},{"type":"Feature","geometry":{"type":"Point","coordinates":[2.68475,50.43734]},"properties":{"libelle":"Sains-Bouvigny"}},{"type":"Feature","geometry":{"type":"Point","coordinates":[2.31421,48.88776]},"properties":{"libelle":"Pont-Cardinet"}},{"type":"Feature","geometry":{"type":"Point","coordinates":[1.71482,48.98371]},"properties":{"libelle":"Mantes-Station"}},{"type":"Feature","geometry":{"type":"Point","coordinates":[2.31801,48.68515]},"properties":{"libelle":"Gravigny-Balizy"}},{"type":"Feature","geometry":{"type":"Point","coordinates":[1.24066,49.1067]},"properties":{"libelle":"La Croix-St-Leufroy"}},{"type":"Feature","geometry":{"type":"Point","coordinates":[2.30826,48.70057]},"properties":{"libelle":"Chilly-Mazarin"}},{"type":"Feature","geometry":{"type":"Point","coordinates":[2.05113,48.86774]},"properties":{"libelle":"St-Nom-la-Bretêche-Forêt-de-Marly"}},{"type":"Feature","geometry":{"type":"Point","coordinates":[2.25794,48.94901]},"properties":{"libelle":"Argenteuil GC"}},{"type":"Feature","geometry":{"type":"Point","coordinates":[2.24563,48.71698]},"properties":{"libelle":"Palaiseau-Marchandises"}},{"type":"Feature","geometry":{"type":"Point","coordinates":[1.99607,48.95705]},"properties":{"libelle":"Medan"}},{"type":"Feature","geometry":{"type":"Point","coordinates":[2.43069,48.91074]},"properties":{"libelle":"Bobigny"}},{"type":"Feature","geometry":{"type":"Point","coordinates":[2.30038,48.86246]},"properties":{"libelle":"Pont-de-l'Alma"}},{"type":"Feature","geometry":{"type":"Point","coordinates":[2.13914,48.79552]},"properties":{"libelle":"Versailles-Chantiers"}},{"type":"Feature","geometry":{"type":"Point","coordinates":[2.32867,48.95892]},"properties":{"libelle":"Épinay-Grande-Ceinture"}},{"type":"Feature","geometry":{"type":"Point","coordinates":[2.28392,48.90573]},"properties":{"libelle":"Asnières-sur-Seine"}},{"type":"Feature","geometry":{"type":"Point","coordinates":[2.1844,48.92089]},"properties":{"libelle":"Houilles-Carrières-sur-Seine"}},{"type":"Feature","geometry":{"type":"Point","coordinates":[2.83733,49.20013]},"properties":{"libelle":"Ormoy-Villers"}},{"type":"Feature","geometry":{"type":"Point","coordinates":[2.91182,50.41528]},"properties":{"libelle":"Billy-Montigny"}},{"type":"Feature","geometry":{"type":"Point","coordinates":[3.04415,48.81344]},"properties":{"libelle":"Mouroux"}},{"type":"Feature","geometry":{"type":"Point","coordinates":[2.28438,48.90563]},"properties":{"libelle":"Asnières-sur-Seine"}},{"type":"Feature","geometry":{"type":"Point","coordinates":[3.51612,50.35678]},"properties":{"libelle":"Valenciennes-Faubourg"}},{"type":"Feature","geometry":{"type":"Point","coordinates":[2.23956,48.90965]},"properties":{"libelle":"La Garenne-Colombes"}},{"type":"Feature","geometry":{"type":"Point","coordinates":[2.18759,48.81174]},"properties":{"libelle":"Chaville-Rive-Droite"}},{"type":"Feature","geometry":{"type":"Point","coordinates":[2.13823,48.84264]},"properties":{"libelle":"La Celle-St-Cloud"}},{"type":"Feature","geometry":{"type":"Point","coordinates":[1.70192,48.98995]},"properties":{"libelle":"Mantes-la-Jolie"}},{"type":"Feature","geometry":{"type":"Point","coordinates":[1.52402,49.0618]},"properties":{"libelle":"Port-Villez"}},{"type":"Feature","geometry":{"type":"Point","coordinates":[2.25853,48.72617]},"properties":{"libelle":"Massy-Palaiseau"}},{"type":"Feature","geometry":{"type":"Point","coordinates":[2.29447,48.70227]},"properties":{"libelle":"Longjumeau"}},{"type":"Feature","geometry":{"type":"Point","coordinates":[2.31397,48.88774]},"properties":{"libelle":"Pont-Cardinet"}},{"type":"Feature","geometry":{"type":"Point","coordinates":[1.99941,48.94047]},"properties":{"libelle":"Villennes-sur-Seine"}},{"type":"Feature","geometry":{"type":"Point","coordinates":[2.30881,48.89119]},"properties":{"libelle":"Paris-Batignolles"}},{"type":"Feature","geometry":{"type":"Point","coordinates":[2.21717,48.84511]},"properties":{"libelle":"St-Cloud"}},{"type":"Feature","geometry":{"type":"Point","coordinates":[2.15673,48.9378]},"properties":{"libelle":"Sartrouville"}},{"type":"Feature","geometry":{"type":"Point","coordinates":[2.31434,48.88797]},"properties":{"libelle":"Pont-Cardinet"}},{"type":"Feature","geometry":{"type":"Point","coordinates":[2.29702,48.89771]},"properties":{"libelle":"Clichy-Levallois"}},{"type":"Feature","geometry":{"type":"Point","coordinates":[2.27265,48.72343]},"properties":{"libelle":"Massy Europe"}},{"type":"Feature","geometry":{"type":"Point","coordinates":[2.05114,48.86768]},"properties":{"libelle":"St-Nom-la-Bretêche-Forêt-de-Marly"}},{"type":"Feature","geometry":{"type":"Point","coordinates":[2.23799,48.89324]},"properties":{"libelle":"La Défense"}},{"type":"Feature","geometry":{"type":"Point","coordinates":[1.87151,48.89368]},"properties":{"libelle":"Mareil-sur-Mauldre"}},{"type":"Feature","geometry":{"type":"Point","coordinates":[1.47775,49.0916]},"properties":{"libelle":"Vernon-Giverny"}},{"type":"Feature","geometry":{"type":"Point","coordinates":[2.35892,48.75197]},"properties":{"libelle":"Rungis-la-Fraternelle"}},{"type":"Feature","geometry":{"type":"Point","coordinates":[2.33343,48.67629]},"properties":{"libelle":"Petit-Vaux"}},{"type":"Feature","geometry":{"type":"Point","coordinates":[2.21605,48.90183]},"properties":{"libelle":"Nanterre-Université"}}]}